Date,Close,High,Low,Open,Volume
,G,G,G,G,G
2007-08-02,13.539023399353027,13.821928674248616,11.017127790005972,11.316198662145814,18495200
2007-08-07,13.741098403930664,13.741098403930664,12.916632129684492,12.957048050016002,694200
2007-08-17,11.316198348999023,12.407403498137294,10.51598165075354,12.100249450447595,1555200
2007-08-22,12.64181137084961,12.690308935692642,11.882008993663112,12.003254447480478,174700
2007-08-27,13.361197471618652,13.482442144371124,12.722639831167495,13.482442144371124,109800
2007-09-06,12.415487289428711,12.552898346304085,12.01942048824907,12.463985626913223,150500
2007-09-11,11.809261322021484,12.124498562145003,11.720348610073504,11.84159328735301,235600
2007-09-21,11.372781753540039,11.80926376109357,11.18687310720012,11.663770272479072,461700
2007-09-26,11.663769721984863,12.391239443288065,11.11412545291268,11.15454060873063,736200
2007-10-01,14.290741920471191,15.25261919557858,13.288450268626287,13.5390227961601,1208000
2007-10-11,12.811554908752441,13.490527010912245,12.609479915055115,13.134874590326193,231900
2007-10-16,12.738805770874023,12.94896391605214,12.68222425741542,12.81155288042451,94400
2007-10-26,13.183371543884277,13.191454728261347,12.366989193172458,12.366989193172458,473500
2007-10-31,12.932799339294434,13.175288710222276,12.488234207835205,13.175288710222276,274800
2007-11-05,12.536731719970703,12.536731719970703,11.663767883653097,12.003253905649373,181000
2007-11-15,12.100252151489258,12.528650968775734,12.06792017982339,12.229580038152722,162900
2007-11-20,12.488234519958496,12.932799662528913,11.987088625538092,12.035586963448743,129900
2007-11-30,11.558690071105957,11.89009294538758,11.494026133239052,11.89009294538758,119300
2007-12-05,11.445528030395508,11.623354248623393,11.324283337108971,11.518275154709412,129700
2007-12-10,11.429363250732422,11.566774324101544,11.243453834057428,11.566774324101544,176700
2007-12-20,12.108331680297852,12.649892654763732,11.53443951272711,11.712264929077977,158900
2008-01-04,11.801179885864258,12.342740928144975,11.582938523666838,12.342740928144975,27600
2008-01-09,10.831219673156738,10.887801197241455,10.669559827603868,10.790805289909732,83300
2008-01-14,10.233078002929688,10.774639071280435,9.788512843273185,10.774639071280435,454600
2008-01-24,9.715763092041016,9.974418758100446,9.303530046117778,9.974418758100446,121100
2008-01-29,9.901673316955566,10.063333135306326,9.634934423963108,9.634934423963108,313300
2008-02-08,10.774637222290039,10.774637222290039,10.507898326441074,10.669558146523048,129700
2008-02-13,10.612977027893066,10.91204787721033,10.588728248449721,10.72613928338668,517600
2008-02-28,12.64181137084961,12.860051954353038,12.326574115950331,12.860051954353038,178800
2008-03-04,11.033292770385742,11.413193920071391,10.57256209728824,11.316198029464276,154600
2008-03-14,10.346240043640137,11.26770154044882,10.346240043640137,11.106041696346853,240800
2008-03-19,9.295450210571289,10.330074018169398,9.295450210571289,10.224994923286431,312800
2008-03-24,11.235369682312012,11.413195898003476,10.507899991259128,10.701891806092572,458600
2008-04-03,10.330073356628418,10.362405324456093,10.111832766505346,10.346239725969713,386900
2008-04-08,10.241161346435547,10.418987567219594,10.014837555981742,10.17649740630589,297900
2008-04-18,10.289657592773438,10.378571077157964,9.998669899613308,10.039085049710378,424700
2008-04-23,10.726142883300781,10.766557272318657,10.321992826281551,10.321992826281551,299500
2008-04-28,10.80696964263916,10.903965538784073,10.621061034408461,10.621061034408461,258400
2008-05-08,10.855467796325684,11.065625182397785,10.701890385165667,10.879716577246533,510000
2008-05-13,10.54023265838623,10.66147735797238,10.41898795880008,10.515983872640001,896600
2008-05-23,11.760764122009277,11.8739256187307,11.421278090135246,11.421278090135246,240800
2008-05-28,12.156831741333008,12.2457444621589,11.898175992854092,12.124499772773143,356400
2008-06-02,11.954757690429688,12.092168760388477,11.647603579395629,11.663769950381367,260500
2008-06-12,12.18108081817627,12.318491880576218,12.051752940824544,12.084084910162476,271600
2008-06-17,12.455900192260742,12.64180955303952,12.181078128151546,12.407402634391346,144400
2008-06-27,12.318490028381348,12.318490028381348,11.655684371185018,11.995170383616024,1344300
2008-07-02,11.938591957092285,12.318492420758378,11.809263303214372,12.286160450002647,246200
2008-07-07,11.227286338806152,11.477858886177273,11.12220725508911,11.227286338806152,484700
2008-07-17,10.968628883361816,11.53443940358471,10.831217845119664,10.92821450693574,325100
2008-07-22,10.774637222290039,10.903965078355618,10.378570470375495,10.49981514272327,356600
2008-08-01,10.669557571411133,10.895881307326565,10.524064126607177,10.815051787069875,310800
2008-08-06,11.76884937286377,12.253828952947774,10.77463988469528,11.57485676997515,1065300
2008-08-11,12.22957706451416,12.261909028318465,12.01133573069399,12.092166025632162,238100
2008-08-21,11.494027137756348,11.623355024792733,11.388948036825532,11.591023053033636,143600
2008-08-26,11.227286338806152,11.324282238193833,11.194954372343593,11.316199053864473,157700
2008-09-05,11.130291938781738,11.30811739285327,10.92821692845546,11.041378440890984,166300
2008-09-10,11.372781753540039,11.43744569755871,11.089877191172114,11.122209163181449,238600
2008-09-15,10.26540756225586,10.718055800738972,10.152246080776166,10.192660455101898,297400
2008-09-25,9.295450210571289,9.43286127535248,9.166122330978396,9.295450210571289,285000
2008-09-30,8.398234367370605,8.664973213272468,8.058748423340111,8.325487269241973,840300
2008-10-10,6.636143684387207,6.822052332685831,5.6176853990803215,6.264325616934933,846300
2008-10-15,6.2643232345581055,6.902880023762743,6.240074071804033,6.902880023762743,315600
2008-10-20,6.4502339363098145,6.482566290506559,6.126913863189597,6.167329016864926,120700
2008-10-30,5.9652533531188965,6.118830380334565,5.536854236630199,5.553020219209352,211900
2008-11-04,6.579561710357666,6.684640793802572,6.143079393388627,6.2400752925251055,173700
2008-11-14,6.029918670654297,6.118831788008346,5.7793456903179,6.118831788008346,315500
2008-11-19,5.690430164337158,6.054164894800749,5.63384904352905,5.932920241597787,208200
2008-11-24,6.4502339363098145,6.466399920694451,6.005668787591082,6.062249925651048,383300
2008-12-04,5.722764015197754,6.062250081426007,5.658100075997607,5.924839017911954,193500
2008-12-09,6.029918670654297,6.369404768344742,6.005669498493186,6.3613215824818665,240300
2008-12-19,6.482565402984619,6.684640372840427,6.151162190330451,6.2319921011872905,203100
2008-12-24,5.9490885734558105,6.215827532660632,5.884424630064037,6.215827532660632,52400
2008-12-29,5.884424686431885,5.884424686431885,5.682349668683129,5.82784354270833,83700
2009-01-08,7.104955673217773,7.234283526291506,6.97562782014404,7.104955673217773,405300
2009-01-13,7.355530261993408,7.4767749528874425,6.838217987745307,6.878633141661634,369100
2009-01-23,6.870549201965332,6.927129948719727,6.547229547861849,6.830134052488682,462600
2009-01-28,6.902881622314453,6.927130405256631,6.7654705675505955,6.927130405256631,232000
2009-02-02,6.6846418380737305,6.700807438361084,6.36940453849281,6.5068156097828265,313800
2009-02-12,7.121122360229492,7.34744611327719,6.7735531613365385,6.7735531613365385,368900
2009-02-17,6.636143684387207,6.927131435537021,6.5795629254885,6.919049020590795,442700
2009-02-27,6.401735305786133,6.628059063223662,6.159245180247065,6.264324260342489,357800
2009-03-04,6.118831157684326,6.353238127575337,6.038000849092274,6.353238127575337,252000
2009-03-09,5.860174655914307,6.005668508617607,5.747012770478407,5.965253742247083,157800
2009-03-19,6.442150592803955,6.547230066858344,6.4017358255510715,6.531063697444237,160100
2009-03-24,6.506814479827881,6.57956159562542,6.466399329845373,6.57956159562542,175700
2009-04-03,7.153454303741455,7.153454303741455,6.9028809997547205,7.080707190620957,198000
2009-04-08,7.185786724090576,7.185786724090576,6.943296588595094,6.9756285552708315,109700
2009-04-13,7.4525251388549805,7.565686629154541,7.355529245374711,7.525272251678892,221900
2009-04-23,7.387862205505371,7.444442958280348,7.258533559247655,7.4363597733539395,176100
2009-04-28,7.161535739898682,7.22619966032878,6.991792756055989,7.113038185003476,119600
2009-05-08,8.325488090515137,8.875131430092546,8.212325841057114,8.786218729639302,327900
2009-05-13,7.9294233322143555,8.188079085313678,7.913256962218173,8.163830301174354,187100
2009-05-18,8.252742767333984,8.260825952081086,7.864758378877289,7.961755054132657,294600
2009-05-28,8.236577987670898,8.487151367212451,7.953673404610195,8.454819392838226,301900
2009-06-02,8.753889083862305,8.802387423844753,8.576062865066612,8.729640299298563,538000
2009-06-12,9.101460456848145,9.101460456848145,8.786223100653016,9.012546941307006,193100
2009-06-17,9.020625114440918,9.077205850441642,8.770052622847956,8.794301399583308,166600
2009-06-22,9.158039093017578,9.489441975278423,9.01254484388649,9.489441975278423,470100
2009-07-02,9.22270393371582,9.643020351900416,9.22270393371582,9.562190034294137,142800
2009-07-07,9.077207565307617,9.238868163030114,9.06912515210538,9.133789082852434,151600
2009-07-17,10.087581634521484,10.168411926874075,9.780428373633155,9.974420150253614,375500
2009-07-22,10.031001091003418,10.152246531932988,9.917839604494928,10.095665017823931,796800
2009-07-27,10.70997428894043,10.734223071491112,10.370488249811284,10.459400966400386,270900
2009-08-06,9.89359188079834,10.313908253604293,9.812762342773702,10.249244314842601,514900
2009-08-11,9.998673439025879,9.998673439025879,9.707685642859499,9.71576882991124,279400
2009-08-21,10.532146453857422,10.540229637074155,10.168411688507002,10.241158795748042,364800
2009-08-26,10.281575202941895,10.354322319111947,10.224993684334702,10.233076868543568,140800
2009-08-31,10.208828926086426,10.208828926086426,10.022919528272398,10.200745741213003,382700
2009-09-10,9.85317611694336,9.893591268883494,9.699599464596737,9.699599464596737,182500
2009-09-15,9.659186363220215,9.699601523740146,9.303534646525973,9.52177527996549,270400
2009-09-25,9.885507583618164,9.958254699254743,9.756179720644186,9.853175617874669,344000
2009-09-30,9.94208812713623,9.998668868926726,9.715764389119451,9.934004943779076,429000
2009-10-05,9.756182670593262,9.837012994819867,9.70768509274138,9.788514646112883,200000
2009-10-15,9.473273277282715,9.505605236419322,9.440941318146107,9.457106912287056,78800
2009-10-20,9.101460456848145,9.158041224297856,8.92363419662101,9.109543643871001,730800
2009-10-30,9.626852035522461,9.6672671861622,9.529856136500015,9.659184001863276,513800
2009-11-04,10.507901191711426,10.540233164544029,9.764265045706521,9.820845805449817,803200
2009-11-09,11.308115005493164,11.372778933477377,11.170703965813004,11.372778933477377,533000
2009-11-19,10.86354923248291,11.162620843983465,10.847383636940997,11.162620843983465,241900
2009-11-24,10.912046432495117,11.000959125918868,10.734220274792918,10.87163129153716,432600
2009-12-04,10.86354923248291,10.936296339558462,10.701889422789892,10.936296339558462,171900
2009-12-09,10.903964042663574,10.928213591513693,10.669557133095694,10.806968159827356,283500
2009-12-14,11.47785758972168,11.550604698759175,11.243450666631304,11.510189552532255,590000
2009-12-24,11.946673393249512,12.124499603270186,11.898175826515189,12.09216763516233,60300
2009-12-29,12.172998428344727,12.205330397747364,11.979005841073949,11.987089026138346,186400
2010-01-08,11.938591957092285,12.213413323088506,11.865844830178142,12.172998937785083,428900
2010-01-13,12.100252151489258,12.124500937524905,11.954757893565356,12.019421836897088,153600
2010-01-28,11.429363250732422,11.5425247670211,11.340449749814159,11.453612036957852,269700
2010-02-02,12.003254890441895,12.019420489034506,11.768847929437102,11.946673368230446,273700
2010-02-12,12.480148315429688,12.48823149826812,12.116413567102411,12.116413567102411,687100
2010-02-17,12.5205659866333,12.528649171103705,12.245743881478758,12.431653270023554,378300
2010-02-22,12.512483596801758,12.649894658105689,12.366990121369028,12.447819658641668,580000
2010-03-04,12.286157608032227,12.334655938374935,12.092165828371016,12.092165828371016,332300
2010-03-09,12.763056755065918,12.803471908558945,12.60948009681834,12.77113993993551,150900
2010-03-19,12.528646469116211,12.536729651843357,12.310405160611657,12.528646469116211,10780600
2010-03-24,12.552896499633789,12.552896499633789,12.447817426254746,12.447817426254746,732400
2010-03-29,13.361197471618652,13.361197471618652,12.690307867043181,12.722639831167495,2050500
2010-04-08,14.42815113067627,14.517063056569123,14.145245904249391,14.323071297744551,1251600
2010-04-13,14.367487907409668,14.505014597101932,14.132882919049306,14.34321794699084,633800
2010-04-23,13.954902648925781,14.286584269604646,13.946812665127927,14.124787679660823,1281300
2010-04-28,14.181421279907227,14.181421279907227,13.898277944862656,14.116702935583357,908900
2010-05-03,13.663668632507324,13.833555196653831,13.54232196840642,13.728386956228244,890300
2010-05-13,13.3562593460083,13.518054412461597,13.032667670094888,13.145924370912876,725700
2010-05-18,13.210646629333496,13.404801692540834,13.154018262107266,13.154018262107266,962400
2010-05-28,13.663668632507324,13.78501683961478,13.218730349801822,13.27535869018181,885700
2010-06-02,13.987266540527344,13.987266540527344,13.485698204234188,13.58277649426118,807200
2010-06-07,13.299635887145996,13.752664400046639,13.275365923898548,13.663676077813385,442000
2010-06-17,13.64749526977539,13.922547090332714,13.54232699034992,13.922547090332714,652600
2010-06-22,13.542330741882324,14.043899232918358,13.534240753300246,13.793114215896566,428400
2010-07-02,12.547282218933105,12.63626975703417,12.514923044032393,12.57964139383382,579400
2010-07-07,12.539189338684082,12.571548506117324,12.2075076796175,12.264136029749823,796800
2010-07-12,12.62817668914795,12.636266673775062,12.458290869495583,12.539189172759908,424600
2010-07-22,12.50683307647705,12.603910601327023,12.39357557840029,12.409755551627077,482800
2010-07-27,12.806156158447266,12.943682850453625,12.692898655764493,12.911323674187635,247500
2010-08-06,11.972906112670898,12.078073622453228,11.867738602888569,12.045714448020478,459400
2010-08-11,11.608864784240723,11.916276544393765,11.584594825673209,11.85964818407666,382400
2010-08-16,11.244824409484863,11.277183586446549,11.05875933483108,11.204376016910484,465000
2010-08-26,11.155835151672363,11.269092639388578,11.091116807692673,11.180104337788867,361200
2010-08-31,11.31762981414795,11.519874810561616,11.269091447050593,11.36616895274874,538000
2010-09-10,12.660538673400879,12.749526981094169,12.474473614594123,12.571551137211157,477100
2010-09-15,12.967951774597168,14.877143793169576,12.717167599956218,13.590865289292813,5094900
2010-09-20,13.954902648925781,14.61826589028351,13.785017618190741,14.254225877419863,1499900
2010-09-30,14.343219757080078,14.37557970838895,14.011537971201168,14.06007635515707,602900
2010-10-05,14.50501823425293,14.545466635419583,14.310863131239318,14.35131153240597,407600
2010-10-15,14.747708320617676,15.136018436947111,14.72343990272661,15.136018436947111,231800
2010-10-20,13.631317138671875,14.221872334281949,13.550418807340021,14.197602371980194,868000
2010-10-25,13.178285598754883,13.461427378489208,13.008398987907315,13.453337392924373,1246400
2010-11-04,12.603911399841309,13.081209839220358,12.51492385596697,12.984131536716454,665400
2010-11-09,12.434024810791016,12.539192322853443,12.312678096913226,12.409755622316176,788200
2010-11-19,11.665492057800293,11.762569568515964,11.536055376846063,11.762569568515964,324500
2010-11-24,11.560327529907227,11.746393385181264,11.447070019240261,11.447070019240261,514600
2010-11-29,11.6897611618042,11.730210317198681,11.325720306260795,11.374259447034868,1038300
2010-12-09,12.150880813598633,12.215599156369843,11.964814999503783,12.13470084215408,435700
2010-12-14,12.09425163269043,12.27222746029255,11.980994919082853,11.980994919082853,427400
2010-12-29,12.458295822143555,12.514924965542187,12.345039078353699,12.482565785673128,380600
2011-01-03,12.514923095703125,12.563461472502805,12.361216435662435,12.434024772365541,743300
2011-01-13,12.28840446472168,12.539188575697102,12.086159487694308,12.385482732617776,1281900
2011-01-18,12.110434532165527,12.32885879800826,11.980997815887806,12.32885879800826,1415200
2011-01-28,12.1347017288208,12.425934292571219,12.03762420757066,12.385485904011329,573600
2011-02-02,12.361214637756348,12.442112949327484,12.134700445462029,12.385484594129775,874700
2011-02-07,12.53110122680664,13.121656313601559,12.320766221302893,12.328856207246158,1799500
2011-02-17,11.900097846984863,11.956726209697784,11.673583624629595,11.681672839657457,394400
2011-02-22,11.32572078704834,11.892006672100058,11.301451601382789,11.69785164376864,783600
2011-03-04,11.139657974243164,11.261004698364157,11.018310478618515,11.261004698364157,966500
2011-03-09,11.236734390258789,11.349991115773133,11.1881952425358,11.29336275301596,594400
2011-03-14,11.026399612426758,11.05066880107159,10.759436222822814,10.969771248420951,601100
2011-03-24,11.34998893737793,11.479425611125109,11.309539783956078,11.471336397643483,399500
2011-03-29,11.560327529907227,11.73830339766855,11.33381328007697,11.455160006752974,413300
2011-04-08,12.70098876953125,12.789977083779018,12.603911239763926,12.725257959097176,634000
2011-04-13,12.69289779663086,12.709077769420503,12.60391026079852,12.700987783025681,579800
2011-04-18,12.353126525878906,12.482563218737564,12.199419874481592,12.199419874481592,575100
2011-04-28,12.935591697692871,12.98413007196553,12.878963337206917,12.935591697692871,425100
2011-05-03,12.887052536010742,13.08929754996444,12.7818850361744,12.984129278624595,778800
2011-05-13,13.744574546813965,14.019627960947401,13.720304583328987,13.938729625671554,887500
2011-05-18,13.704122543334961,13.865917628289829,13.615134243655234,13.615134243655234,511200
2011-05-23,13.113566398620605,13.27536303234735,13.081207997679488,13.226824659432149,374700
2011-06-02,12.587727546691895,12.95985833046501,12.555368381646552,12.903229213008148,571200
2011-06-07,12.272229194641113,12.369306722096969,12.005265801261608,12.264139207810556,594200
2011-06-17,12.539189338684082,12.66862600841705,12.514920155985003,12.652446810452133,439100
2011-06-22,13.186373710632324,13.38861871566047,12.806153656661907,12.91132115185696,1000900
2011-06-27,13.364354133605957,13.445252467408912,13.121659132197097,13.154019082921229,677200
2011-07-07,14.391755104064941,14.691076843379944,14.294676824039561,14.51310179684148,440600
2011-07-12,14.132880210876465,14.149060181388576,13.946815179007938,14.100521812859158,387000
2011-07-22,14.165244102478027,14.238052447081296,14.051987363320652,14.11670572041163,233100
2011-07-27,13.574686050415039,13.736481137661272,13.412889420161783,13.736481137661272,430700
2011-08-01,13.372440338134766,13.574685343922004,13.234913672479165,13.574685343922004,351500
2011-08-11,12.595818519592285,12.854692647636055,12.41784347272255,12.41784347272255,1128300
2011-08-16,13.00839900970459,13.03266896643976,12.733345672067237,12.846603155654233,470700
2011-08-26,12.846606254577637,12.903234624279571,12.531103684444695,12.628181220292443,356800
2011-08-31,13.404800415039062,13.6070454461483,13.283453704974947,13.566597057129306,912200
2011-09-15,13.178285598754883,13.259182368389276,12.959860617525283,13.04075893016665,522700
2011-09-20,12.75761604309082,13.065027790017586,12.733346085567511,12.927501116732895,302300
2011-09-30,11.64122200012207,11.82728702216649,11.487515374386456,11.63313201529316,801700
2011-10-05,11.892009735107422,11.924368914830698,11.455160423091352,11.65740548923775,414300
2011-10-10,12.28840446472168,12.361212779892073,12.118518653158553,12.175147771348502,174900
2011-10-20,12.571551322937012,12.700988021671956,12.3288571270572,12.555372121346933,289500
2011-10-25,12.846606254577637,13.00031216012732,12.773797909815906,12.935593802895488,376600
2011-11-04,13.785022735595703,13.817381139792873,13.00031098896876,13.275364368177163,1118000
2011-11-09,12.927498817443848,13.145923767283408,12.377392993650592,12.482560476369265,2464200
2011-11-14,12.951773643493652,13.154018700619398,12.935593668601832,13.129748738281668,392000
2011-11-29,12.2398681640625,12.377394833327521,12.19941900754276,12.304586505892688,708800
2011-12-09,12.118521690368652,12.175150822751306,12.037624142184734,12.126611676638111,603800
2011-12-14,11.527968406677246,11.778752620249035,11.414710895466813,11.49560922797479,890000
2011-12-19,11.722122192382812,12.142792240849651,11.584595505115084,11.908188028128865,435300
2011-12-29,11.900097846984863,12.013355343914286,11.746391960405399,11.770661148496139,257600
2012-01-03,11.875826835632324,12.328855210790705,11.835377680688746,12.280316842061179,915000
2012-01-13,11.730212211608887,11.80302054877669,11.697853036368041,11.722122224922778,873300
2012-01-18,12.264138221740723,12.264138221740723,11.948636475752286,12.086162383296255,460900
2012-01-23,12.110434532165527,12.32885879800826,12.102344544522248,12.312679594225388,362900
2012-02-02,12.280315399169922,12.51491954447341,12.280315399169922,12.320763777857506,359000
2012-02-07,12.806156158447266,13.186376286696735,12.733347818972884,12.846605321655657,847400
2012-02-17,12.733345985412598,12.943680986605784,12.709076799583695,12.846603471786661,340100
2012-02-22,12.684806823730469,12.822333487368118,12.628177698318611,12.676716838456851,332600
2012-02-27,12.919411659240723,13.056937558433543,12.830423359670457,12.935590859114907,374000
2012-03-08,12.434024810791016,12.531102336193966,12.434024810791016,12.506833147719126,421000
2012-03-13,12.919411659240723,12.94368084480375,12.749525817292533,12.8385133453593,528900
2012-03-23,12.765707015991211,12.86278454494699,12.603911134398244,12.66862948703543,982500
2012-03-28,13.226828575134277,13.49379201971097,13.154020222703588,13.412893678898257,496400
2012-04-02,13.299635887145996,13.323904307386053,13.000312512457024,13.121659242679486,527600
2012-04-12,12.895142555236816,12.903232541460842,12.709077501105531,12.725256702050032,422600
2012-04-17,13.000311851501465,13.081210181872576,12.903234317958324,12.98413187682578,438000
2012-04-27,13.437159538269043,13.50996786845287,13.226824533627658,13.291542877901389,401400
2012-05-02,13.3562593460083,13.768839311425463,12.919410197773487,13.720299402783334,1854600
2012-05-07,13.170197486877441,13.445250863184986,13.14592752673012,13.372442525750213,737000
2012-05-17,13.24300479888916,13.34817153203664,13.194464882353024,13.331991559857927,929300
2012-05-22,13.429068565368652,13.566595229718473,12.878961907969368,13.194463620239635,531600
2012-06-01,12.377396583557129,12.523012487514167,12.369306596808515,12.466384123281076,715300
2012-06-06,12.361214637756348,12.369304623214155,12.10234127513427,12.167059615789789,579600
2012-06-11,12.328855514526367,12.45829219633187,12.304586329563705,12.401663840917832,506400
2012-06-21,12.733345985412598,12.967950943938195,12.717166785361165,12.927501015050844,486100
2012-06-26,12.806156158447266,12.862784524036842,12.523012787492146,12.620091087793732,692700
2012-07-06,13.372440338134766,13.509967003790367,13.315810440388509,13.477607062221075,264000
2012-07-11,13.31580638885498,13.348166320578276,13.251088068414859,13.275358017207331,239700
2012-07-16,13.938726425170898,13.938726425170898,13.712212990017644,13.785021320747491,505100
2012-07-26,13.785022735595703,13.979177789800362,13.728392827988035,13.914459438398808,341200
2012-07-31,14.09243106842041,14.399842776555158,14.0115327632249,14.149059419155218,620100
2012-08-10,14.763885498046875,14.780065468914348,14.634448817120994,14.691077172150198,1115100
2012-08-15,14.958040237426758,14.998490163832825,14.610178585369196,14.642538526494048,574000
2012-08-20,14.46456527709961,14.642541908378462,14.39175847876686,14.642541908378462,643500
2012-08-30,14.731526374816895,14.820514676525363,14.55355131440699,14.755796332466577,583900
2012-09-04,14.966133117675781,14.966133117675781,14.771978062391124,14.812426453614387,590600
2012-09-14,15.686281204223633,15.861084837041522,15.51147932619802,15.51147932619802,449800
2012-09-19,15.732280731201172,15.741481105741268,15.594278622683762,15.612677616971938,337700
2012-09-24,15.741485595703125,15.916287497447849,15.686283332717142,15.916287497447849,330500
2012-10-04,16.05428695678711,16.100287075084825,15.677080371411341,15.759880233388824,798400
2012-10-09,16.06348991394043,16.18309306147597,15.980690029606023,16.091091045246902,782100
2012-10-19,16.17388916015625,16.265891156338498,16.06348641377913,16.256690781241062,1503800
2012-10-24,15.971488952636719,16.201493105734404,15.96228857593772,16.201493105734404,418700
2012-11-08,14.7478666305542,14.987071155520773,14.738666254040979,14.987071155520773,490900
2012-11-13,14.60986328125,14.766265291420432,14.49026102149929,14.600662904946981,463100
2012-11-23,14.159053802490234,14.260255298422905,14.048651931273845,14.214254299400391,229600
2012-11-28,14.444262504577637,14.471862760843079,14.085456540937898,14.287859590079583,640400
2012-12-03,14.453459739685059,14.738665250400253,14.407458737647621,14.665063120702673,703200
2012-12-13,14.462660789489746,14.59146254832099,14.232656645981177,14.232656645981177,1248800
2012-12-18,14.766263008117676,14.793864132758777,14.361456164737966,14.389057289379068,1158700
2012-12-28,14.057852745056152,14.195855755041562,14.021052117872609,14.094653372239696,420300
2013-01-02,14.26025676727295,14.55466178750794,14.159055260916213,14.398258901159059,1859100
2013-01-07,14.839866638183594,14.867467767262147,14.65586437537033,14.701864502375555,1018300
2013-01-17,15.207873344421387,15.235472716295744,15.051470469561922,15.180272217754819,792400
2013-01-22,15.318279266357422,15.428682053726176,15.161876341214136,15.161876341214136,566700
2013-02-01,15.447080612182617,15.548281251841333,15.355078594935355,15.548281251841333,863600
2013-02-06,15.428677558898926,15.465477307439146,15.327475179526857,15.401076431399563,1032400
2013-02-11,15.35507583618164,15.437877461348455,15.336675085079635,15.437877461348455,2426300
2013-02-21,15.92548656463623,16.026688950326786,15.68628204241734,15.962288070266387,4201700
2013-02-26,15.851882934570312,16.017486175524496,15.851882934570312,15.934684555047404,706000
2013-03-08,16.569499969482422,16.643101230812796,16.413097069806312,16.541898838436346,705300
2013-03-13,16.477497100830078,16.56029873488791,16.3670960919479,16.385495090233334,857400
2013-03-18,16.19229507446289,16.321096857320747,16.137094561065624,16.29349572322577,592100
2013-03-28,16.735107421875,16.7535064257041,16.514303582789463,16.560303724551602,641300
2013-04-02,16.808704376220703,17.00190702765676,16.735103115465186,16.790303622333706,787300
2013-04-12,16.77189826965332,17.09390435521299,16.716697777920572,17.011102740217876,804700
2013-04-17,16.5602970123291,16.624697886610296,16.321092511575948,16.624697886610296,711300
2013-04-22,16.744300842285156,16.85470183854901,16.284292596670642,16.45909446655378,931400
2013-05-02,17.526309967041016,17.581512208976054,17.0479028204803,17.369907124475443,802900
2013-05-07,17.839122772216797,17.88512465885651,17.710320999210698,17.756321131057863,904600
2013-05-17,17.958724975585938,17.958724975585938,17.783921325158865,17.84832220826556,423800
2013-05-22,17.774721145629883,18.11512807342008,17.673518754028812,17.894324291120686,1119100
2013-06-06,17.84832000732422,17.87592113444883,17.710317881285636,17.774718756450824,772200
2013-06-11,17.599918365478516,17.747122649099065,17.52631710106452,17.63671987508179,514600
2013-06-21,17.71031951904297,17.774720400163613,17.21350971361102,17.544716250565653,3166000
2013-06-26,17.986328125,18.115131673029882,17.86672671053599,17.95872874347367,687600
2013-07-01,18.335935592651367,18.66714221099784,17.9035265620784,17.912726940898338,1147200
2013-07-11,19.108745574951172,19.173146457437444,18.86034066696775,18.86034066696775,522200
2013-07-16,19.05354118347168,19.24674556411488,18.998340683913156,19.18234468883123,537700
2013-07-26,19.007539749145508,19.357146983427402,18.85113688218616,19.3203454830642,551700
2013-07-31,18.75913429260254,19.062739641825516,18.7315349229954,18.989138398219705,327800
2013-08-05,19.412351608276367,19.550353754407805,19.35715110078229,19.42155198532413,395000
2013-08-15,17.58151626586914,17.820720771741296,17.44351238397933,17.820720771741296,680800
2013-08-20,18.115127563476562,18.179528445485264,18.013925174724356,18.013925174724356,467000
2013-08-30,17.71031951904297,17.8943235406383,17.636718261363317,17.83912128128426,336400
2013-09-04,18.023122787475586,18.096724034883053,17.88512066793561,18.03232316275054,575200
2013-09-09,17.94032096862793,18.078323086658948,17.682715728122464,17.79311847542256,725400
2013-09-19,18.151927947998047,18.216328832251033,18.08752706374506,18.17032870201104,411300
2013-09-24,17.590715408325195,17.74711827601462,17.544713532656463,17.719517150613385,701600
2013-10-04,17.590715408325195,17.636715529201798,17.48031266151237,17.48031266151237,549100
2013-10-09,17.443511962890625,17.61831558888362,17.40671221545601,17.535513963665476,564900
2013-10-14,17.88512420654297,18.004725599196416,17.72872130550846,17.820723321668613,310000
2013-10-24,18.49233055114746,18.547531045477886,18.31752693851036,18.372727432840783,245200
2013-10-29,18.519933700561523,18.731538855799112,18.483133948428314,18.611935713083202,398600
2013-11-08,16.376293182373047,16.937503815222115,16.357894185808075,16.790301313948955,963700
2013-11-13,16.661497116088867,16.75349734977354,16.40389189931265,16.652296741762004,1189600
2013-11-18,16.725900650024414,17.03870640787466,16.679898771050993,16.817902653179,824700
2013-12-03,16.70749855041504,16.716698925467405,16.468294063429877,16.514295938691703,1220500
2013-12-13,16.19229507446289,16.560301421765818,16.173894318399576,16.523499909639185,902700
2013-12-18,16.008285522460938,16.04508702194141,15.713880545785475,15.88868415873356,2161700
2013-12-23,16.357898712158203,16.514301632387795,16.330297577484963,16.42229960493638,915900
2014-01-02,16.77189826965332,16.900701756752383,16.62469578850467,16.882301007910804,1672100
2014-01-07,16.569499969482422,16.6891013610971,16.53269846142099,16.62470047678208,1084900
2014-01-17,16.670703887939453,16.707503644577145,16.52349959701074,16.643102754366698,1138000
2014-01-22,16.05428695678711,16.661497643235517,16.03588620755121,16.61549577014577,1183500
2014-01-27,15.253874778747559,15.428678419745538,15.2446744024011,15.41947804339908,710900
2014-02-06,15.851882934570312,15.870283684630136,15.68627969361613,15.68627969361613,892500
2014-02-11,13.367838859558105,13.478240728986853,13.312638363541764,13.34943898668468,3982400
2014-02-21,14.26025676727295,14.361458273629685,14.131454132222055,14.21425576351219,643000
2014-02-26,14.885866165161133,15.023868279138387,14.784663796008173,14.987068534314092,1803000
2014-03-03,15.226273536682129,15.253874665516618,14.977870396341126,15.226273536682129,4143600
2014-03-13,15.612680435180664,15.962287711643054,15.594281437571327,15.962287711643054,3137400
2014-03-18,16.017488479614258,16.06348860658875,15.787484335157083,15.796684711510453,2082000
2014-03-28,15.805882453918457,15.805882453918457,15.585078722610127,15.649479591559382,4083300
2014-04-02,16.247495651245117,16.311896542925286,16.10949348981723,16.173894381497398,2260000
2014-04-07,15.815086364746094,15.989888261036462,15.741485104520553,15.989888261036462,714100
2014-04-17,15.92548656463623,15.93468694104377,15.649482291579556,15.68628204241734,375700
2014-04-22,15.824283599853516,15.842682595162598,15.621878858324582,15.759880974499328,474500
2014-05-02,15.805882453918457,15.897884447328277,15.520677853660874,15.585078722610127,678200
2014-05-07,15.152670860290527,15.161871235705913,14.720263744520425,14.812265743882115,664500
2014-05-12,15.585079193115234,15.621878938714886,15.3090732045533,15.318273579651244,533000
2014-05-22,15.75988483428955,15.8794879844475,15.75988483428955,15.769085211593435,366200
2014-05-27,15.75988483428955,15.888688361751385,15.695483947954905,15.888688361751385,751700
2014-06-06,15.621882438659668,15.704684078300012,15.539080799019326,15.704684078300012,582500
2014-06-11,15.778282165527344,15.851883413196816,15.53907767190352,15.566678797826633,560400
2014-06-16,15.842687606811523,15.870288740694614,15.677086067890986,15.677086067890986,611900
2014-06-26,15.851882934570312,15.879484059660047,15.796682439182955,15.83348218451049,340100
2014-07-01,16.422292709350586,16.48669357508737,16.201488989056486,16.201488989056486,704600
2014-07-11,16.5602970123291,16.597098514656764,16.49589613804791,16.5602970123291,440100
2014-07-16,16.652297973632812,16.698298093878055,16.486694733082572,16.661498348640283,463900
2014-07-21,16.606300354003906,16.707502750227345,16.422298071079762,16.541899467240828,947800
2014-07-31,16.19229507446289,16.275096721955133,16.05429291357338,16.20149545249455,1045100
2014-08-05,15.833486557006836,16.026690976405117,15.833486557006836,15.999089843693193,454800
2014-08-15,16.201486587524414,16.394689156096515,16.155484722536972,16.330288299905813,633300
2014-08-20,16.376293182373047,16.449894433009625,16.32109268309367,16.40389430940885,261800
2014-08-25,16.201486587524414,16.597093852457824,16.155484722536972,16.47749075828219,425300
2014-09-04,16.035890579223633,16.155491972278405,16.017489824971356,16.13709297281864,302300
2014-09-09,15.64028263092041,15.833485279943169,15.621881877263258,15.833485279943169,315700
2014-09-19,15.91628360748291,16.00828560184826,15.842682362949045,15.980686231893118,1223000
2014-09-24,15.60347843170166,15.66788105839099,15.5022778136313,15.658680683149656,328400
2014-09-29,15.088272094726562,15.26307574245138,14.9962700825139,14.9962700825139,659600
2014-10-09,14.987069129943848,15.088269748326729,14.895067132038555,15.014668500960926,407400
2014-10-14,14.895065307617188,14.977866920110783,14.775462198552242,14.839863062760164,560700
2014-10-24,15.621882438659668,15.695483701140807,15.373477519738637,15.401078651216256,403900
2014-10-29,15.824283599853516,16.08188708210181,15.649479983476377,16.00828583648914,838400
2014-11-03,15.989889144897461,16.256694824708347,15.916287880603518,16.247494447322534,462500
2014-11-13,16.3854923248291,16.523494440037197,16.330291829704283,16.440694574746022,592600
2014-11-18,16.477497100830078,16.670701498562483,16.45909634775225,16.551098358348995,844700
2014-11-28,16.578699111938477,16.873104135336643,16.54189760661753,16.587899488268715,420100
2014-12-03,16.808704376220703,16.974307651618737,16.48669820236814,16.578700217010653,592400
2014-12-08,17.03870964050293,17.37911483552753,17.001908130342112,17.26871381463026,1497000
2014-12-18,17.517114639282227,17.53551363525885,17.167507393843714,17.241108642126743,731700
2014-12-23,17.645917892456055,17.839120527655986,17.54471550937476,17.590717390226406,559000
2015-01-02,17.388309478759766,17.63671432604868,17.25030737075215,17.517112967053283,259300
2015-01-07,17.664323806762695,17.6919231885466,17.406718463091607,17.664323806762695,956500
2015-01-12,18.35433006286621,18.35433006286621,17.967923058759798,18.078324057194642,791300
2015-01-22,18.970745086669922,19.016745219657253,18.77754066757943,18.90634244377803,436100
2015-01-27,18.60272979736328,18.69473178249124,18.391126459923314,18.5291285602193,977200
2015-02-06,19.84475326538086,20.102358486485738,19.771152024321182,19.82635251641794,410400
2015-02-11,19.706756591796875,19.780357853151788,19.541153315050202,19.550353692068626,550600
2015-02-26,20.415164947509766,20.543966685384305,20.323162954117066,20.424365322328242,421400
2015-03-03,20.78317642211914,20.82917655305237,20.58997201165605,20.764775667828843,595000
2015-03-13,20.82917022705078,20.84757097575261,20.52556489263854,20.580767138744022,619000
2015-03-18,21.81359100341797,21.868793258464482,21.6019876234498,21.675588875386218,1224000
2015-03-23,21.859590530395508,21.877991280097643,21.749187786974773,21.749187786974773,506400
2015-04-02,21.307586669921875,21.371987558270835,21.178784893223956,21.187985270815606,499600
2015-04-07,20.90277671813965,21.215582505484047,20.89357634147747,21.077580365136207,572100
2015-04-17,20.387563705444336,20.635968559734028,20.378363330678933,20.635968559734028,583900
2015-04-22,20.764774322509766,20.773974699058833,20.470369292109137,20.608371430760382,1164800
2015-04-27,20.249561309814453,20.55316665365044,20.185160442151066,20.507166535260033,791400
2015-05-07,20.764774322509766,20.82917520356085,20.11156338065742,20.18516463825758,712800
2015-05-12,20.9395751953125,21.040777569162387,20.727971827073798,20.856773572124805,353600
2015-05-22,21.03158187866211,21.169584029784495,21.01318112390111,21.086782388152553,299700
2015-05-27,20.856773376464844,20.930374623630982,20.737172007866928,20.783172129298705,654000
2015-06-01,20.96717643737793,21.040777685641977,20.635969942793622,20.79237281470375,493200
2015-06-11,20.27716636657715,20.580771769298853,20.24956523731431,20.47036900703988,560900
2015-06-16,20.093158721923828,20.15755959045691,19.89995436153253,19.89995436153253,321100
2015-06-26,20.0379638671875,20.148364885800984,19.752757433718806,19.81716007516798,2676500
2015-07-01,19.890758514404297,19.899957135655292,19.642353625612152,19.69755412707964,772500
2015-07-06,19.899959564208984,19.90915994137508,19.605554514064014,19.605554514064014,782100
2015-07-16,20.231164932250977,20.424369331782298,20.175964427295916,20.378367448659404,425200
2015-07-21,20.185165405273438,20.36916767886953,20.12996314388139,20.249566288771693,504500
2015-07-31,20.433568954467773,20.589971855161526,20.175965415531593,20.27716780856652,695700
2015-08-05,21.749191284179688,22.117199318228685,20.81077571077334,20.838375084972363,1377300
2015-08-10,20.930377960205078,21.279983501277854,20.92117758349363,21.0683801012919,473800
2015-08-20,20.599166870117188,20.810771978179847,20.57156750086835,20.773970479458676,515700
2015-08-25,20.12996482849121,20.599173560835336,20.111565827946578,20.442770650053962,1478900
2015-09-04,20.54396629333496,20.77397039503141,20.424364932561307,20.58076779190657,465500
2015-09-09,20.994781494140625,21.35358745724387,20.976380738393626,21.215585298726673,459400
2015-09-14,21.013172149658203,21.233975848112344,20.994771402755738,21.169574988745527,367500
2015-09-24,21.16958236694336,21.25238400207135,20.976377966713912,21.25238400207135,565600
2015-09-29,20.70037078857422,20.875174411019543,20.562368667608826,20.764771661371924,638900
2015-10-09,22.47600746154785,22.586408478933365,22.1724020315489,22.218402162994106,346000
2015-10-14,22.02519989013672,22.39320621250811,21.997598757911653,22.3748054576914,358800
2015-10-19,22.080402374267578,22.503609244140534,22.0160014814428,22.24600567284142,928400
2015-10-29,22.908416748046875,22.945218260385932,22.68761293839062,22.715214072644912,654100
2015-11-03,22.724414825439453,22.83481585469167,22.623212419630985,22.77041496182909,360700
2015-11-13,22.954416275024414,23.524825619207405,22.926815143612007,23.515625242069934,591300
2015-11-18,23.202817916870117,23.248819799540552,23.000414897497404,23.239619423006463,532100
2015-11-23,23.239620208740234,23.71802927593341,23.22121945504993,23.52482487177013,1419300
2015-12-03,22.945209503173828,23.598420304755003,22.779606270437185,23.56162056125354,621600
2015-12-08,23.368419647216797,23.43282052392532,23.184417393019917,23.396020775002853,658600
2015-12-18,22.236801147460938,22.531206176777985,22.02519775198836,22.402404415149874,2375500
2015-12-23,22.724414825439453,22.825615476455198,22.540410770295463,22.623212419630985,598900
2015-12-28,22.899208068847656,22.917608818346793,22.57720372657309,22.74280520768913,538000
2016-01-07,21.749191284179688,22.117199318228685,21.638790277798872,21.666389651997896,691000
2016-01-12,22.098798751831055,22.126398126262703,21.914794733255647,22.015997118951358,706600
2016-01-22,22.144798278808594,22.181599783443062,21.887194765536623,22.172399407284445,1087800
2016-01-27,21.832000732421875,22.292009184878093,21.739998690972033,22.21840790267682,864400
2016-02-01,22.540403366088867,22.65080611386805,21.90559151464089,21.90559151464089,870800
2016-02-11,22.733604431152344,22.853207545990827,22.54040182920221,22.724405811357407,857100
2016-02-16,23.248821258544922,23.40522415985483,22.85321381671442,22.98201558668993,1679200
2016-02-26,24.40804672241211,24.647251304776862,24.334445447437783,24.444846482502864,747300
2016-03-02,24.536840438842773,24.601241313899248,24.24243543584619,24.352836434573792,1173200
2016-03-07,24.638042449951172,24.83124507224492,24.57363982106105,24.822044696689186,712200
2016-03-17,24.573638916015625,24.684041663826076,23.920428068746247,23.98482894047228,1037000
2016-03-22,24.196435928344727,24.38964032723811,24.095235295393344,24.242437811315728,587500
2016-04-01,25.438459396362305,25.456860150060283,24.868050070064562,24.923250576366048,986900
2016-04-06,25.392457962036133,25.43845808912476,25.061251431662434,25.116451935127262,630600
2016-04-11,25.015249252319336,25.208451875992047,24.858846376339997,24.858846376339997,993400
2016-04-21,25.972068786621094,26.03646966931672,25.622463242790943,25.843267021229845,957400
2016-04-26,25.935266494750977,26.202070376192612,25.898464991218464,25.972066243491216,550400
2016-05-06,24.766843795776367,24.91404629269216,24.472438801944786,24.858845795046783,990300
2016-05-11,25.25445556640625,25.43845782766191,25.208453684998073,25.263654187895536,602000
2016-05-16,24.914047241210938,25.08885087100057,24.794445865960505,24.794445865960505,674400
2016-05-26,25.49365997314453,25.558062611265512,25.447659843564864,25.45686022043929,461000
2016-05-31,25.935266494750977,25.981266619374345,25.65926048263394,25.66846085851707,733700
2016-06-10,25.714466094970703,25.824867110396614,25.56726357120782,25.760466225599416,443100
2016-06-15,25.024456024169922,25.40166274709988,24.9968548902509,25.245259831144093,964600
2016-06-20,24.941646575927734,25.107249818058953,24.868045329957432,25.006047446802736,619100
2016-06-30,24.69324493408203,24.69324493408203,24.196435142877185,24.196435142877185,836600
2016-07-05,24.65644073486328,24.693242236024386,24.417237996484754,24.610440613204062,701700
2016-07-15,24.564443588256836,24.92324949584959,24.481641954998143,24.92324949584959,1127100
2016-07-20,24.316041946411133,24.426442969019636,24.132037902340137,24.1964387913272,1114400
2016-07-25,24.17804527282715,24.352847224056898,24.13204337398273,24.251646556185204,566300
2016-08-04,22.347200393676758,23.368417459044217,22.291998143273673,23.202814217419192,3460200
2016-08-09,22.08959197998047,22.199992955328206,22.043590111259025,22.061990858747603,1237400
2016-08-19,21.721590042114258,21.822790663462243,21.592786539356137,21.749189413939977,456500
2016-08-24,22.00680160522461,22.20920466654718,21.960801467812633,22.080402877959433,1152700
2016-08-29,21.979198455810547,22.20000225378138,21.96999807821269,22.052799721800824,649300
2016-09-08,21.914796829223633,22.40240629672959,21.905596451935686,22.154001374332637,1669700
2016-09-13,21.33518409729004,21.528386728782284,21.21558096416335,21.399584974454122,1188500
2016-09-23,21.601987838745117,21.785991847816163,21.565188089806277,21.69398984328064,1038800
2016-09-28,21.739994049072266,21.785995937371407,21.390388471961852,21.546791382593707,1237800
2016-10-03,21.942394256591797,22.153997634112336,21.76759062721767,22.08959675876193,1563300
2016-10-13,21.749191284179688,21.905594172212805,21.693990780989278,21.77679241317107,604000
2016-10-18,21.758390426635742,21.868793181548195,21.73079105400182,21.767590802444467,540200
2016-10-28,21.24318504333496,21.611191360249155,21.206383534247273,21.408788324644483,995300
2016-11-02,20.9395751953125,21.307581434595498,20.911974069319214,21.123577437557916,1382800
2016-11-07,21.758390426635742,21.887193933165648,21.454785044116814,21.84119205412202,993700
2016-11-17,22.393199920654297,22.42999966515547,21.758388096182404,21.868790839270066,803900
2016-11-22,22.52200698852539,22.568008873528488,22.135599928461808,22.209201189674275,1000000
2016-12-02,21.99759292602539,22.080394545956093,21.70318794617938,21.70318794617938,867900
2016-12-07,22.19999885559082,22.310401615073,22.006796219987415,22.015996596176958,795800
2016-12-12,22.21839714050293,22.310399137388732,21.988393025684488,21.988393025684488,626100
2016-12-22,22.135597229003906,22.199998105362006,21.758390591941662,22.01599585216633,892300
2016-12-27,22.264404296875,22.45760695684487,22.154001523468963,22.264404296875,192100
2017-01-06,22.678407669067383,22.733608170877726,22.448403530933245,22.66920729296694,591000
2017-01-11,22.669208526611328,22.706010033015815,22.494406635567238,22.494406635567238,780200
2017-01-26,22.47600746154785,22.678410496616312,22.347205689667245,22.49440821604295,640200
2017-01-31,22.706010818481445,22.77961207904409,22.476006659874127,22.641609934838193,886000
2017-02-10,22.50360107421875,23.73642323292327,22.025193863437597,23.570821749263686,3479700
2017-02-15,21.99759292602539,22.043593046079295,21.859590811071584,21.877991561009985,2578600
2017-03-02,22.356399536132812,22.476002660007634,22.282798288668367,22.384000661979037,1369000
2017-03-07,22.05279541015625,22.218398664954663,22.025196037551353,22.09879728915151,1172800
2017-03-17,22.550857543945312,22.578526181053967,22.22804329050717,22.33872135733409,979200
2017-03-22,22.347942352294922,22.43095177283684,22.246487762118324,22.292603324998964,635300
2017-03-27,22.357158660888672,22.421721131935538,22.098907017505812,22.2003633344054,396900
2017-04-06,21.554744720458984,21.766879133839222,21.536297790809563,21.72076180971567,1128200
2017-04-11,22.449392318725586,22.47706270410414,22.24648143686924,22.264926601259482,1315800
2017-04-21,22.33871841430664,22.5231841803105,22.311049780843206,22.440174761528358,822300
2017-04-26,22.6892032623291,22.762989217686435,22.458621931937945,22.5047374943378,684200
2017-05-01,22.60619354248047,22.689202961054736,22.486290267119454,22.578523149890408,475700
2017-05-11,23.583864212036133,23.629981545405958,23.408621863623583,23.491631304492877,783100
2017-05-16,24.091142654418945,24.13725822539659,23.98968628723261,24.035801858210252,1052800
2017-05-26,25.022686004638672,25.087250256948934,24.884337553794396,24.939678341488904,668600
2017-05-31,25.197927474975586,25.317830751792155,25.050355564428997,25.179480546358278,761700
2017-06-05,25.38239097595215,25.483845555894945,25.33627365852744,25.43772999766602,648900
2017-06-15,25.419504165649414,25.474964408357017,25.095982850931282,25.15144309363889,889600
2017-06-20,25.18842124938965,25.24388149977112,24.966578484814185,25.086742654482304,839000
2017-06-30,25.72454261779785,25.872437799431967,25.65983869621413,25.807733877848246,646700
2017-07-05,25.669078826904297,25.93713814551991,25.595131246281085,25.77075564835534,797200
2017-07-10,25.317832946777344,25.60438143736328,25.2623726879429,25.493459156644555,928600
2017-07-20,26.343854904174805,26.52872476661695,26.03882086528003,26.094281118792804,609400
2017-07-25,26.56569480895996,26.704346309275564,26.427043308644357,26.537963803677048,632700
2017-08-04,27.1387882232666,27.859776685313193,27.074084311344407,27.730368861468804,914000
2017-08-09,27.26820182800293,27.44382802834569,27.148037646536668,27.388366009469188,876800
2017-08-14,27.2034969329834,27.388365033501504,27.111062001199507,27.277444525800576,916900
2017-08-24,26.195960998535156,26.39007277683278,26.08503872304383,26.32536885073357,968100
2017-08-29,26.23293113708496,26.251418474884105,25.983359128994767,26.029575710443062,973200
2017-09-08,25.909366607666016,26.057578792347467,25.88157792730612,26.03905359438374,793000
2017-09-13,26.159475326538086,26.316950993583568,26.159475326538086,26.22431793646941,951200
2017-09-18,26.085369110107422,26.168738684430657,25.974210855562177,26.057578663056812,620900
2017-09-28,26.520742416381836,26.68748156651701,26.51148070077754,26.585586793412215,700000
2017-10-03,26.807907104492188,26.965382784137788,26.798643621356714,26.844959270205344,624700
2017-10-13,27.363706588745117,27.410022242441215,27.23401957810397,27.23401957810397,335200
2017-10-18,27.530439376831055,27.706442011598558,27.3173845786975,27.3173845786975,965600
2017-10-23,27.391494750976562,27.715709621142622,27.391494750976562,27.53970696016752,527800
2017-11-02,28.039926528930664,28.07697870050648,27.82687168358988,27.938029965146363,720000
2017-11-07,27.975082397460938,28.34561292741607,27.95655542925595,28.252979853220054,1206300
2017-11-17,28.966257095336914,29.160784993692285,28.901414462551788,29.04036321378123,896500
2017-11-22,29.234886169433594,29.336782727627977,29.095937441696027,29.105200925789056,668000
2017-11-27,29.53131103515625,29.679525016034432,29.40162578957042,29.475731896595033,1303900
2017-12-07,30.00450897216797,30.060190914115932,29.623998590708396,29.623998590708396,1262100
2017-12-12,29.865297317504883,29.920982800283035,29.753929892255197,29.856014633555215,1028600
2017-12-22,29.976661682128906,30.25508198697964,29.939538030733807,30.236523701588347,447600
2017-12-27,29.948823928833008,30.06019135466768,29.846735646690124,30.013788555595454,316100
2018-01-11,30.904735565185547,31.13675310477449,30.74696533761228,31.13675310477449,1096500
2018-01-16,30.737682342529297,30.951138051955105,30.709841370958394,30.895456108813296,780100
2018-01-26,32.25971221923828,32.28755672714443,31.851362686445043,32.0462565402573,547400
2018-01-31,31.498699188232422,31.81424317655454,31.313087993001325,31.76784037774677,947700
2018-02-05,29.920976638793945,30.932573022290633,29.920976638793945,30.700555535619888,821300
2018-02-15,29.187803268432617,29.19708241103504,28.547434449525635,28.584556330394662,1114400
2018-02-20,29.011474609375,29.382702334639987,29.0021936949742,29.15068478508019,760500
2018-03-02,29.40125846862793,29.43838034888747,28.705205954768946,28.74232783502849,590500
2018-03-07,29.197086334228516,29.503351185854424,29.13212170636363,29.30845553210642,1276600
2018-03-12,30.03899574279785,30.262262841083587,29.908756010670082,29.992482059718867,526800
2018-03-22,29.313369750976562,29.964570167674317,29.304066659745896,29.731998210057288,726800
2018-03-27,29.25755500793457,29.81572632543612,29.183132047308806,29.741303364810356,440800
2018-04-06,29.15521812438965,29.83432775364877,28.997069136470653,29.7040880369095,559700
2018-04-11,29.452917098999023,29.797122655538562,29.331980443173006,29.415706502738516,513500
2018-04-16,29.918058395385742,29.98317826377339,29.564549777974243,29.769212474961602,322500
2018-04-26,29.676183700561523,29.759909753640386,29.26685652710745,29.29476580292819,323400
2018-05-01,29.592456817626953,29.722698326754713,29.4622170828825,29.58315372594759,704100
2018-05-11,28.997074127197266,29.052890904780362,28.71798846489843,28.848228204053438,893600
2018-05-16,28.457504272460938,28.61565327126192,28.355172045477012,28.541230317378115,656900
2018-05-21,28.466808319091797,28.652864822855413,28.3644760886727,28.476111410437465,463300
2018-05-31,27.936546325683594,28.401690276514522,27.908637049855727,28.29005494758642,975700
2018-06-05,28.569141387939453,28.57844448013594,28.308661903971398,28.410994143749367,607800
2018-06-15,28.852781295776367,28.862106907019253,28.66627262827559,28.740875739540204,737400
2018-06-20,28.330556869506836,28.89940668713016,28.2652793714868,28.750200469176242,632800
2018-06-25,27.79900360107422,28.18134467584246,27.68709985067661,28.18134467584246,774900
2018-07-05,27.27678680419922,27.304763636117478,27.09027814876754,27.17420686584396,816500
2018-07-10,27.71508026123047,27.985517637925128,27.528573381589894,27.78035953671698,1202200
2018-07-20,28.470439910888672,28.58234368759217,28.311908078326667,28.40516063268676,585800
2018-07-25,28.768848419189453,28.78749963898208,28.48908545833467,28.554364727608874,388700
2018-07-30,28.153377532958984,28.489090657097005,28.088100030450992,28.423813154589016,534600
2018-08-09,28.386510848999023,28.461113958800556,27.96686724469138,28.088098409792895,1134500
2018-08-14,27.864286422729492,28.041469469923296,27.342064670592276,27.509922107020262,1386000
2018-08-24,28.451786041259766,28.507737924405493,28.283928613144283,28.330554885986007,342400
2018-08-29,28.489086151123047,28.50773737136923,28.227976182389526,28.227976182389526,606500
2018-09-13,28.72772789001465,28.858607135842593,28.578153137415597,28.79316662139277,337800
2018-09-18,28.325742721557617,28.503363394171096,28.129426543725522,28.129426543725522,912500
2018-09-28,28.615541458129883,28.76511617801301,28.512708169558493,28.5220568124351,421900
2018-10-03,28.52206039428711,28.615545051721863,28.27900099818536,28.27900099818536,740800
2018-10-08,27.7554874420166,27.942454960538573,27.531125349947395,27.84897209281329,393600
2018-10-18,26.97022819519043,27.231983164762696,26.858046220322315,27.15719577587462,1056200
2018-10-23,26.306486129760742,26.568242858237188,26.035382538724278,26.353229357920018,619800
2018-11-02,25.567962646484375,25.89515813295085,25.474477967055105,25.68949148159206,998200
2018-11-07,27.493738174438477,27.96115977112471,25.951247261988286,26.063427446672726,1655000
2018-11-12,27.92376136779785,28.138774831194688,27.59656595915354,27.92376136779785,1136400
2018-11-27,27.37220001220703,27.60591073087422,27.222625294905733,27.465682873216885,653000
2018-12-07,26.637971878051758,27.106620220883244,26.506750914139438,26.750448266941998,646800
2018-12-12,26.628599166870117,26.97539973329987,26.581735046860068,26.581735046860068,359000
2018-12-17,25.5225887298584,26.141204409272586,25.344503643914507,26.056847563193237,789000
2018-12-27,25.05393409729004,25.05393409729004,24.229113994144146,24.3603349272523,526200
2019-01-11,26.23493194580078,26.253678307094297,25.78503000126488,25.78503000126488,397400
2019-01-16,26.75982093811035,26.77856730177895,26.459886270419354,26.516125361425143,458000
2019-01-31,27.959564208984375,28.05329424900371,27.697120454480597,27.715866820034826,510300
2019-02-05,28.74688720703125,28.896854522168407,28.52193623432552,28.709394484371256,538500
2019-02-15,30.87455177307129,30.99640134427388,30.687095294917313,30.921419468112916,1281700
2019-02-20,31.136993408203125,31.390063912859212,30.91204065667459,30.930787017260528,1288000
2019-02-25,31.352569580078125,31.746232405639333,31.343194612515713,31.45567277024963,991000
2019-03-07,31.24470329284668,31.301086002790772,31.047369184993517,31.24470329284668,714400
2019-03-12,31.676956176757812,31.902483404809352,31.639367707976945,31.742734204807498,684900
2019-03-22,32.06222915649414,32.49448938004459,31.902483540446788,32.49448938004459,647500
2019-03-27,32.466304779052734,32.70122739479788,32.35354292719276,32.60725978235368,506800
2019-04-01,33.27443313598633,33.31202160802328,32.97373252895871,33.218050427930905,608700
2019-04-11,33.60332107543945,33.66910268945708,33.415385896990536,33.65970377975438,1032800
2019-04-16,33.82884979248047,33.96040585702091,33.69729372794002,33.77246708569146,840300
2019-04-26,34.02619171142578,34.129558238651164,33.94161942411726,33.95101833639307,460200
2019-05-01,33.55633544921875,34.19532505804155,33.509351657171045,34.19532505804155,1606000
2019-05-06,34.06377029418945,34.110754088013316,33.49055868949067,33.669102124508534,858900
2019-05-16,34.43965148925781,34.57120755985706,34.101362402211706,34.138950875135514,702500
2019-05-21,34.214134216308594,34.51483491814262,34.15775149047654,34.270516942140645,727900
2019-05-31,33.96980667114258,34.063774269757225,33.6127233440655,33.6127233440655,1635600
2019-06-05,34.232906341552734,34.39265191791809,34.09195141035629,34.2610958939389,1378100
2019-06-10,34.580604553222656,35.097433534626845,34.47723804001497,34.994070606053405,2074800
2019-06-20,35.84918212890625,36.01832664962476,35.6236549064037,35.6236549064037,852900
2019-06-25,35.46391296386719,35.59546903033974,35.42632449212247,35.57667479446738,803800
2019-07-05,36.20626449584961,36.319029907752814,35.80219739811443,36.319029907752814,502300
2019-07-10,36.074710845947266,36.27204495302483,36.03712237279894,36.14048888163979,623100
2019-07-15,36.30963134765625,36.459981647008775,36.07470878087831,36.33782090858676,361600
2019-07-25,37.916500091552734,38.01986659242487,37.21173240520689,37.37148161145487,1909000
2019-07-30,37.897705078125,38.10443447143593,37.78493968035532,37.869511936365875,867400
2019-08-09,39.391815185546875,39.65493090395981,39.0817192542551,39.297847590521236,1274500
2019-08-14,37.29630661010742,37.91650206295235,36.835860371816345,36.92043264196038,5677400
2019-08-19,38.62126541137695,38.90317533634829,37.362080412210375,38.658853879324276,2050900
2019-08-29,38.452117919921875,38.54608908253116,38.05744979086285,38.1608162774164,830300
2019-09-03,38.32056427001953,38.48031346411498,38.104435959470955,38.33935850371508,1323800
2019-09-13,36.99747085571289,37.4965447659619,36.93155556915599,37.34588074067275,599300
2019-09-18,37.298797607421875,37.64720748024893,36.903302309739246,37.62837402872942,856400
2019-09-23,36.658477783203125,36.912724012455485,36.47014684389242,36.55489558697654,1108700
2019-10-03,36.05581283569336,36.17822486301958,35.68856956948867,36.05581283569336,980900
2019-10-08,35.19892120361328,35.848659207843774,35.18008774944679,35.792158845344304,1340500
2019-10-18,36.79972457885742,36.88446972451525,36.58314167735298,36.58314167735298,780700
2019-10-23,35.85807800292969,35.980490067769104,35.5849983036157,35.64149507442955,824900
2019-10-28,36.159400939941406,36.41364355663758,36.04640023017244,36.04640023017244,675800
2019-11-07,38.02387619018555,38.362871194502375,37.87321214294632,38.01445766666884,1568900
2019-11-12,37.44004440307617,37.534211663936965,36.97863739725625,37.336465804299856,1130700
2019-11-22,37.402381896972656,37.637794666027894,37.15755060557149,37.430630279782875,6024300
2019-11-27,38.54178237915039,38.70186135260487,38.3722848824844,38.475867085126296,1074600
2019-12-02,37.59071350097656,38.306370411637296,37.50596834293657,38.26870350221006,1218900
2019-12-12,38.82081985473633,38.93405410331611,38.349006286060096,38.49998648405042,1015600
2019-12-17,39.207706451416016,39.443613233433744,39.08503391686428,39.443613233433744,1239700
2019-12-27,40.0003547668457,40.30231517030296,39.80219392701162,40.29288048254265,1574600
2020-01-06,40.21738052368164,40.2268188092028,39.651205780554086,39.77387829477051,638300
2020-01-16,42.0385856628418,42.1046392704206,41.821551866561215,41.93478610817464,553900
2020-01-21,42.01028060913086,42.31224100527136,41.66113957602813,41.82155446163008,957900
2020-01-31,41.77436447143555,42.49151935178612,41.755491500945915,42.16125136734527,1368900
2020-02-05,42.30280303955078,42.53870980573257,41.98196969355749,42.46321791272164,872800
2020-02-10,39.92485809326172,40.2268184333956,39.519098211272215,40.06639997789568,2224700
2020-02-20,41.529029846191406,41.71775599866003,40.87792839980921,41.39692261935895,866800
2020-02-25,39.302066802978516,40.8401762530514,39.207701941235406,40.73637670495968,1640900
2020-03-06,36.0806884765625,36.24151146320026,35.20090211497009,35.806345716769485,1172700
2020-03-11,34.01840591430664,34.47248877532449,33.47918229130232,34.34004839195218,2717500
2020-03-16,25.63677978515625,28.692380737364697,25.504337631273316,26.80036749572017,1705100
2020-03-26,28.446420669555664,28.853203831950342,25.797602678860144,25.797602678860144,3549700
2020-03-31,27.62339210510254,27.954492955589686,26.507104082419282,26.69630431064561,2566300
2020-04-15,28.13423728942871,28.664000503215853,27.963955805334585,28.380199232635288,1390000
2020-04-20,28.8248233795166,29.468108221538852,28.408581732390683,28.61670255595364,927000
2020-04-30,32.571014404296875,33.299440073156525,32.571014404296875,33.2615989350712,1726400
2020-05-05,32.48587417602539,33.2710579560466,32.45749512636487,32.87373682588084,965700
2020-05-15,30.94387435913086,31.047935660305345,30.234369424281596,30.81143401535559,1563100
2020-05-20,32.381805419921875,32.9304909790098,32.30612676861283,32.69398932948475,690000
2020-06-04,35.04954528808594,35.30496751391761,34.869805325639476,34.973866633429665,736700
2020-06-09,34.9549446105957,35.844189515932875,34.86034178530741,35.70229069109363,721200
2020-06-19,33.35952377319336,34.65900178210319,33.34055651346951,34.53569288394806,1769200
2020-06-24,33.42593002319336,34.07092190810126,33.00857786326238,34.02349651310703,1198300
2020-06-29,34.25113296508789,34.516717990223846,33.75790104817498,34.507234361465244,976600
2020-07-09,33.26467514038086,33.94761232075677,32.875781161183525,33.68202362931878,521100
2020-07-14,33.13188934326172,33.40696172112462,32.74299528495851,33.28365278995746,661300
2020-07-24,37.0777473449707,37.1346600016745,36.404297189778134,36.66988235107629,957500
2020-07-29,37.713253021240234,38.121117985850205,37.34332982504193,37.36230070924776,640100
2020-08-03,38.462581634521484,38.51949427969559,37.65633906201309,37.94089505123218,720000
2020-08-13,39.79051208496094,40.17940609179243,39.572352385355515,39.6102905282637,575000
2020-08-18,39.63875198364258,39.76205729050786,39.12654901899572,39.553384822868104,718400
2020-08-28,40.51138687133789,40.52087412067196,39.989700326052976,40.103521989783665,373700
2020-09-02,39.87588119506836,39.913822958163635,39.22139844581465,39.52492531392553,952600
2020-09-17,37.61848449707031,37.83719617334928,37.11449325153318,37.20958765044604,767100
2020-09-22,36.96234893798828,37.14302649732227,36.03044551543649,36.06848327818898,898100
2020-10-02,36.67707824707031,37.10499407087537,36.249162423265254,36.249162423265254,915300
2020-10-07,36.61051559448242,37.16205237579816,36.48689465600107,36.61051559448242,2278100
2020-10-12,38.14149475097656,38.24609678634142,37.41879175799071,37.78965450905177,1364100
2020-10-22,35.16511154174805,35.37431564020971,34.642104923075145,35.22216819427793,1767500
2020-10-27,33.56755447387695,33.93841356848731,33.54853559370713,33.65313762090092,924500
2020-11-06,37.104984283447266,37.45682447799921,36.86725373598347,36.95283687816965,1006000
2020-11-11,38.464805603027344,38.693024910837465,38.10345413360074,38.521858616239626,662100
2020-11-16,38.66449737548828,39.044867715025326,38.30314591567613,38.921246810553725,600900
2020-12-01,38.67400360107422,39.27308559453183,38.607439338187845,38.92124540106383,543600
2020-12-11,38.49097442626953,38.82459953672714,38.34799015822142,38.6530198695658,1014500
2020-12-16,39.2440071105957,39.46325058342567,39.034301496080545,39.26307191850441,591900
2020-12-21,40.01611328125,40.09237250871785,39.30119938681934,39.91125866160175,508000
2020-12-31,39.42512512207031,39.50138072550035,39.04383619619811,39.36793069231728,595400
2021-01-05,39.20588684082031,39.4441915200245,38.7102126717267,38.7102126717267,1732000
2021-01-15,39.06290054321289,39.282140400307135,38.796000480009575,38.834130099393086,477000
2021-01-20,40.07331466674805,40.149570271229315,39.139160785347904,39.22495061303979,537900
2021-01-25,39.0247688293457,39.558572563343404,38.93897900845751,39.47278274245521,640200
2021-02-04,38.643489837646484,38.8341343190385,38.214540663574724,38.36705552144012,1854500
2021-02-09,41.53173065185547,41.88442048633205,39.82546862727511,40.15909729123087,2007400
2021-02-19,37.804656982421875,38.386121024835724,37.72840137023574,38.29079696430167,2002000
2021-02-24,39.39652633666992,39.74921619920908,38.39564390140522,38.452838326238755,1396600
2021-03-01,38.85319137573242,39.406059949535525,38.7769357730041,39.034305250163406,1007400
2021-03-11,40.84699630737305,41.18149293391888,40.60806910391465,40.89478101891677,795100
2021-03-16,41.20060348510742,41.563773819360996,41.01901649511092,41.401301441245145,538500
2021-03-26,42.6628303527832,42.72972966160633,41.62110785658737,41.630666983984334,700500
2021-03-31,40.92345428466797,42.366576746886196,40.87566956942513,42.118090394439314,1630700
2021-04-05,42.0416259765625,42.23276479387625,41.506427809161956,41.69757027221495,886900
2021-04-15,42.58639144897461,42.96867283546679,42.462148266638025,42.672405398939894,683800
2021-04-20,42.739295959472656,42.82530989178156,42.21365323661853,42.21365323661853,875400
2021-04-30,45.424842834472656,46.2085238405393,45.17636012468524,45.874027183952364,30165700
2021-05-05,45.080787658691406,45.31015940184772,44.63160694885973,45.157246121656904,1469100
2021-05-10,44.80363082885742,45.29104072648329,44.6698321764009,45.15724207402677,1933600
2021-05-20,42.29967498779297,42.45258826841404,41.80270956007963,41.88872350828775,1067100
2021-05-25,42.720184326171875,42.78708365088387,42.232770793853305,42.404798670466946,1400400
2021-06-04,44.07728576660156,44.23975814707516,43.723674556026545,43.972157222602085,811000
2021-06-09,43.57075881958008,44.00082845425958,43.542088725847876,43.99126932585599,992200
2021-06-14,43.856239318847656,43.990355677533344,43.664646608951934,43.971199330061125,1054400
2021-06-24,43.338932037353516,43.74128109624839,43.14733568123363,43.62632474433508,611400
2021-06-29,43.52094650268555,43.99035373738271,43.23355379612043,43.540106503709424,1015300
2021-07-09,45.55186080932617,45.70513716885867,45.21656991484778,45.35068627263914,728100
2021-07-14,45.76261901855469,46.28950629728418,45.52312446873248,46.03085174494858,1654000
2021-07-19,44.89086151123047,45.810519756869716,44.68968695519633,45.30279245228916,1171800
2021-07-29,47.716896057128906,48.02344879262889,47.35286331332385,47.40076149304631,670100
2021-08-03,47.515716552734375,47.716894749088894,47.17084747554827,47.48697837656806,667800
2021-08-13,49.90108108520508,49.987299263335494,49.508310196921315,49.61368837623588,425600
2021-08-18,49.19218063354492,50.255537053219946,49.13470427857672,49.80528977024895,422900
2021-08-23,49.75738525390625,49.958563448644625,49.43167252718309,49.81486526017389,478000
2021-09-02,50.47587585449219,50.48545768405771,49.57537755838662,49.690333932392235,750400
2021-09-07,49.06764221191406,49.81486400254531,49.03890038230749,49.81486400254531,769100
2021-09-17,47.16388702392578,47.91267134116107,46.82789133800959,47.7398743968701,1984400
2021-09-22,46.33829116821289,46.62628478464795,46.11749594021143,46.35749123091357,494700
2021-09-27,46.78948211669922,47.1734723733578,46.69348180600652,47.03907560042542,441900
2021-10-07,46.29990005493164,46.79909079620239,46.11750491682893,46.20390338478037,411500
2021-10-12,46.15590286254883,46.30949972473543,45.69510861395097,45.992704136579164,522600
2021-10-22,48.90143966674805,49.266233538100714,48.81504121463919,48.9302415921427,272200
2021-10-27,47.423072814941406,48.66144578162402,47.4038727514685,48.66144578162402,506000
2021-11-01,47.43267059326172,48.07585989674468,47.42307239262957,47.52866724773374,585600
2021-11-11,49.17983627319336,49.25663652671633,48.027858104612385,48.28705346719593,636100
2021-11-16,49.554229736328125,50.03422034812296,49.01664259482207,49.04544085967768,695600
2021-11-26,47.039085388183594,47.85506805765314,46.731891654121775,47.65347285630723,482600
2021-12-01,46.09830093383789,47.63426949799043,46.09830093383789,47.0582822019427,666700
2021-12-06,48.181461334228516,48.72865039595685,47.211881808265126,47.547873806856856,698800
2021-12-16,48.677513122558594,49.38939933798419,48.2734722728194,48.802574958328464,660900
2021-12-21,49.56254959106445,49.56254959106445,48.56206246970207,48.56206246970207,848500
2021-12-31,51.06329345703125,51.39999417626714,50.947850064925284,51.217214310076606,582700
2022-01-05,50.274444580078125,51.86175634689966,50.264826132355985,51.688594929800495,557500
2022-01-10,50.1397590637207,50.15899962692074,49.37977700101145,49.85115795524459,680000
2022-01-20,48.8314323425293,50.00508106271248,48.79295488414347,49.23547684856054,1081100
2022-01-25,46.61881637573242,47.119060005814305,45.99351459045169,46.87855847229968,1361400
2022-02-04,46.91704559326172,47.14792503986972,46.2147814660382,46.96514517215817,792800
2022-02-09,47.85980987548828,48.25423228244552,47.744370155583425,47.76361072052799,447800
2022-02-14,42.68421173095703,42.9631943944352,41.79916783686906,42.35712949406317,1257500
2022-02-24,40.22148132324219,40.41387963116397,39.057451009645455,39.403773835524646,986600
2022-03-01,39.865535736083984,40.39464208360868,39.6923743259418,40.08679672242957,1083100
2022-03-11,39.81446838378906,40.56714385352231,39.804820350033154,40.31625080326101,737600
2022-03-16,42.36198425292969,42.4681273591579,41.155777453940246,41.23297277492904,1031300
2022-03-21,42.61288070678711,42.834822352842316,42.36199127069694,42.61288070678711,452500
2022-03-31,41.98564147949219,42.902359313937154,41.98564147949219,42.34268131547702,853600
2022-04-05,42.34268569946289,42.73832139347415,41.61896159960928,41.70580863883376,1728000
2022-04-20,41.1654167175293,41.76369413165844,41.001374394723825,41.493505044190485,981100
2022-04-25,40.200462341308594,40.200462341308594,38.984607438273734,39.660080339375746,1152900
2022-05-05,37.08362579345703,39.14865144877198,36.35990164242321,38.98460907477564,1795400
2022-05-10,39.216190338134766,39.66007350553074,38.59861311722723,39.09074381480961,2310400
2022-05-20,40.48030471801758,40.50925250597993,39.592534516307985,40.35485816842844,783400
2022-05-25,41.001380920410156,41.33911733349846,40.18115813268727,40.586445509444054,1438100
2022-06-09,42.829166412353516,43.419446996247565,42.74207577388757,42.96464360992646,716800
2022-06-14,40.797054290771484,41.135738038449006,40.303543159673374,40.51642850476668,1248800
2022-06-24,41.7744026184082,42.06470720035042,40.86479217693407,41.05832733443685,3062000
2022-06-29,41.28089141845703,41.33895307304316,40.40998505654558,40.942207661811516,955700
2022-07-14,42.22921371459961,42.33565824595252,41.135743108033026,41.27122031517629,753400
2022-07-19,43.66136169433594,43.729098442265105,42.87754969933389,42.87754969933389,473700
2022-07-29,46.52567672729492,46.71920819580563,45.49026417560668,45.587033601238176,1114800
2022-08-03,46.78694534301758,46.893389866422716,46.18698966454226,46.31278807323708,730700
2022-08-08,45.11287307739258,46.07087009777717,44.967724474615395,45.80959818312682,631800
2022-08-18,47.057891845703125,47.23207310638809,46.82564893433123,46.82564893433123,672300
2022-08-23,45.86766052246094,46.36117168545823,45.79024498005872,46.05151689860185,707300
2022-09-02,44.725799560546875,45.93538952104306,44.47420278159333,45.79023724923327,562200
2022-09-07,45.045135498046875,45.14190492283242,44.39679696317624,44.474208811628564,520400
2022-09-12,45.70977783203125,45.83591495503032,45.31196416840213,45.31196416840213,788000
2022-09-22,42.915382385253906,43.98269007998303,42.886275238567485,43.934173233751395,808500
2022-09-27,41.353233337402344,42.87656898608405,41.25620705074469,42.53697328146669,823500
2022-10-07,42.84746170043945,43.96328249993683,42.692217421504786,43.856551364172574,758900
2022-10-12,41.809261322021484,43.2258657090364,41.78985532614679,43.18705371728702,916300
2022-10-17,43.87594985961914,44.25435749348853,43.5848636477366,43.749812747891035,594700
2022-10-27,46.32105255126953,46.79648648507092,46.22402257404413,46.3792668362896,1051000
2022-11-01,47.25252151489258,47.349547797764,46.67035271371773,47.32044065316566,562700
2022-11-11,43.96327590942383,44.632766067969975,43.57516341961113,44.50662895358359,1163800
2022-11-16,42.7019157409668,43.39081565308886,42.7019157409668,43.138541403208855,755300
2022-11-21,42.16826248168945,42.42053672368969,41.857773954085474,41.954803932283724,627300
2022-12-01,44.904449462890625,45.11791173509054,44.555148908860076,44.82682917383694,736900
2022-12-06,43.74981689453125,43.97298029716184,43.30349008927007,43.691598906373805,876500
2022-12-16,43.78544998168945,43.87302103012237,43.09461377279561,43.30867344872386,2347800
2022-12-21,44.54440689086914,44.88496269649557,43.8146492224775,43.843842053195985,986900
2023-01-05,44.4665641784668,45.60498426160793,44.15520123033901,45.24497154878626,981300
2023-01-10,45.5076789855957,45.527139631363625,45.02117397661359,45.17685543101832,426600
2023-01-20,46.48069381713867,46.4904222851608,45.56606564175857,45.73147558030792,627200
2023-01-25,46.558528900146484,46.78232447553642,45.663361445541696,45.69255055896702,944200
2023-01-30,45.634178161621094,45.98445870268751,45.546607098419685,45.634178161621094,509200
2023-02-09,45.65363311767578,46.53907589148177,45.41038058730861,46.208252301712854,1182300
2023-02-14,45.84823226928711,46.6071826281737,45.838503802004674,46.37365858426888,564300
2023-02-24,46.441768646240234,46.84070261316093,46.354197594392346,46.607182282725695,583500
2023-03-01,46.208251953125,46.66556418278283,46.14013783033611,46.30555147984224,783000
2023-03-06,46.052574157714844,46.37366559089175,45.7217505440463,46.16933434143923,856800
2023-03-16,42.93903732299805,43.046385511939825,42.187603723119864,42.353506484951964,1026300
2023-03-21,44.34430694580078,44.46141607409298,44.08081699121391,44.2857561043684,1253600
2023-03-31,45.105499267578125,45.134774686917524,44.324786673201146,44.6565884089973,863600
2023-04-05,43.768531799316406,44.617556195632496,43.749017334707524,44.28575445657776,922500
2023-04-10,43.77829360961914,43.866123592929355,43.446491864082084,43.7295000017165,566400
2023-04-20,43.690467834472656,43.76853687009357,43.43673509259814,43.57336241968427,626200
2023-04-25,42.52916717529297,43.0171107892029,42.48036983573051,42.948795258358324,597000
2023-05-05,38.89886474609375,40.04065099371267,38.840310173377034,40.04065099371267,2009600
2023-05-10,38.059600830078125,38.98669441535364,37.796110839144184,38.80127346467,2041300
2023-05-15,36.07854461669922,37.33743605356635,35.76626106555396,36.01023282255579,2500300
2023-05-25,36.48842239379883,36.88853600326596,36.312762397182595,36.683600581451785,1481600
2023-05-30,35.951683044433594,36.97636381564271,35.80529848166912,36.82998297559231,1122200
2023-06-09,36.839046478271484,37.054537971577346,36.39827012219184,36.40806349165977,989400
2023-06-14,37.99485778808594,38.78825148030282,37.838137723505966,38.13198737753078,1447900
2023-06-29,37.025146484375,37.05453406268096,35.898722289332945,36.11421002340579,1322500
2023-07-14,38.44542694091797,38.631530847211344,37.83813716667025,38.08301249750412,1095600
2023-07-19,37.85772705078125,38.76866356618899,37.80874899617792,38.70989214256557,902200
2023-07-24,37.12310028076172,37.377768971382125,36.88801832776522,37.377768971382125,680900
2023-08-03,35.53630447387695,35.88892552488799,35.31101963273119,35.88892552488799,751800
2023-08-08,34.929019927978516,35.33061535428262,34.58619593107306,35.222869601969094,1722900
2023-08-18,35.56570053100586,35.820369274946366,34.8898421099492,35.134717483027316,1131400
2023-08-23,36.08483123779297,36.153396035946244,35.55589959218088,35.70282629479577,896300
2023-08-28,36.16318893432617,36.34929658674575,35.86933926942831,35.97708501840781,926400
2023-09-07,36.375770568847656,36.56256371624123,36.30695184347427,36.42492626549446,1797500
2023-09-12,36.02184295654297,36.26762518605032,35.8153867838382,36.18897682278435,918600
2023-09-22,36.01201248168945,36.43475820665749,35.97268642579961,36.110323871074954,640500
2023-09-27,35.60892868041992,35.97268531027297,35.32382040956854,35.9530222829378,771600
2023-10-02,35.26483154296875,35.57943248157504,35.12719410112088,35.54011017700351,537800
2023-10-12,35.255008697509766,36.218474726429015,34.86175557330856,36.218474726429015,1138800
2023-10-17,36.01201248168945,36.32661342812998,35.59909639552432,35.73673384079966,887600
2023-10-27,32.31544494628906,32.944646823803595,32.2466262253321,32.944646823803595,866500
2023-11-01,32.45308303833008,32.88566215054137,32.20730081560606,32.88566215054137,1142200
2023-11-06,33.888458251953125,33.93761395249712,33.46571247666361,33.75082079029413,1293100
2023-11-16,32.82667541503906,33.28874722692046,32.66937493125764,33.092120684608844,1375700
2023-11-21,33.111778259277344,33.78030614280475,33.09211523325139,33.56401660685801,1980700
2023-12-01,34.17355728149414,34.183390670214344,33.2592508984795,33.2592508984795,1063400
2023-12-06,33.74098205566406,34.08507565530971,33.67216333573493,33.701656001322,813200
2023-12-11,34.084495544433594,34.4990786966549,33.85746343757826,33.85746343757826,1341900
2023-12-21,34.045013427734375,34.133852402922535,33.64030337753948,33.94630136336963,995200
2023-12-26,34.17333221435547,34.33126774608723,34.05488150692668,34.17333221435547,774000
2024-01-05,33.748878479003906,34.06474953041437,33.561331218941426,33.561331218941426,1405200
2024-01-10,33.827850341796875,34.104236588526405,33.59094515497142,33.99565520145974,710400
2024-01-25,35.69346618652344,36.29559661382488,35.46643408148,36.02907968212685,1394200
2024-01-30,35.93037033081055,36.07843277821728,35.44669063212939,35.49604478126497,1793200
2024-02-09,36.058685302734375,36.581849753462436,34.96300602455181,35.535524617486,2750800
2024-02-14,35.18017578125,35.20978751938021,34.666884315937295,35.041982649335125,1041300
2024-02-29,33.56133270263672,34.6076579601153,33.54159029036579,34.6076579601153,2604700
2024-03-05,34.1042366027832,34.35101111331778,33.946301066660276,34.242429726205735,950000
2024-03-15,32.83827209472656,33.234871109482924,32.6300593139913,32.85810242368923,3236500
2024-03-20,33.254703521728516,33.472829589485634,32.98699973733461,33.353851390504595,935500
2024-03-25,31.926101684570312,32.10457087432604,31.628652404602636,31.648482734825357,1199400
2024-04-04,31.688142776489258,32.253293972658106,31.678229502104237,32.08474183237041,2029800
2024-04-09,32.084739685058594,32.084739685058594,31.618736392923434,31.69805582056622,1442200
2024-04-19,31.321290969848633,31.39069523698379,30.55784024911298,30.656990012645114,1297300
2024-04-24,31.489843368530273,31.628651895606733,31.13290499476298,31.271715412963786,1709500
2024-04-29,30.805713653564453,31.13290654880868,30.766054882901987,30.825543984457905,971200
2024-05-09,31.777376174926758,32.193805546101046,31.51958944591316,32.154144885560875,2088300
2024-05-14,33.78019332885742,34.275940226882625,33.72070233948487,33.95866251472639,1704300
2024-05-24,33.22495651245117,33.681046547845206,33.02666077264806,33.67112949150577,1120900
2024-05-29,32.67963409423828,32.99691180138633,32.530912296527475,32.71929475319394,1101400
2024-06-03,32.07482147216797,32.71929392603473,32.025247540850955,32.71929392603473,1596900
2024-06-13,31.306318283081055,32.32230487772259,31.286396530281905,32.232658889969336,2047300
2024-06-18,30.927812576293945,31.435805873565847,30.6688373893016,31.09714367538458,1379300
2024-06-28,32.06332778930664,32.14301480522104,31.58521709287838,31.993603550224563,2706500
2024-07-03,31.704744338989258,31.92387792370104,31.485610754277477,31.72466609210204,460000
2024-07-08,31.19675064086914,31.386003493371785,30.98757793534747,31.16686991141914,816800
2024-07-18,33.547462463378906,34.42400054333232,33.49765998376822,33.55742143942679,1059100
2024-07-23,33.38809585571289,33.567387841428676,33.01955290715757,33.23868460105439,753600
2024-08-02,33.716793060302734,33.76659934167645,33.02950969376356,33.716793060302734,768900
2024-08-07,32.15297317504883,32.81037584518115,32.14301419809066,32.41195217219288,1191400
2024-08-12,36.40616989135742,37.222942772992994,36.29660214875262,37.203021019820675,2121700
2024-08-22,38.717041015625,39.135390243157254,38.67720130798678,39.04574425152077,948300
2024-08-27,39.29475784301758,39.32463857166802,38.68715769588715,38.90629317181897,816700
2024-09-06,38.179168701171875,38.67720114152307,37.75086049849497,38.049679202768495,2549900
2024-09-11,38.65999984741211,38.689998626708984,37.83000183105469,38.5099983215332,1268700
2024-09-16,39.0,39.560001373291016,38.7400016784668,39.20000076293945,1175900
2024-09-26,39.02000045776367,39.5,38.88999938964844,38.9900016784668,1533000
2024-10-01,39.43000030517578,39.619998931884766,39.09000015258789,39.209999084472656,1105400
2024-10-11,38.959999084472656,38.9900016784668,38.439998626708984,38.470001220703125,623500
2024-10-16,39.52000045776367,39.7599983215332,39.279998779296875,39.310001373291016,479500
2024-10-21,38.630001068115234,39.0,38.5,38.810001373291016,539600
2024-10-31,38.16999816894531,38.650001525878906,38.150001525878906,38.41999816894531,894600
2024-11-05,39.09000015258789,39.150001525878906,38.58000183105469,38.59000015258789,779200
2024-11-15,44.790000915527344,45.220001220703125,44.29999923706055,44.93000030517578,1148700
2024-11-20,44.63999938964844,44.70000076293945,43.84000015258789,44.27000045776367,1305000
2024-11-25,46.63999938964844,46.75,46.220001220703125,46.650001525878906,5418500
2024-12-05,45.2599983215332,45.40999984741211,45.0,45.06999969482422,1539000
2024-12-10,44.72999954223633,44.900001525878906,44.16999816894531,44.79999923706055,1971700
2024-12-20,42.189998626708984,42.77000045776367,41.970001220703125,42.29999923706055,5714100
2024-12-30,42.63999938964844,42.83000183105469,42.08000183105469,42.540000915527344,718400
2025-01-14,44.20000076293945,44.79999923706055,44.060001373291016,44.4900016784668,1578600
2025-01-24,46.36000061035156,46.38999938964844,46.08000183105469,46.11000061035156,669200
2025-01-29,47.540000915527344,48.13999938964844,47.47999954223633,47.72999954223633,2053800
2025-02-03,48.93000030517578,49.150001525878906,47.77000045776367,47.93000030517578,1323900
2025-02-13,55.540000915527344,55.84000015258789,54.619998931884766,54.90999984741211,1282600
2025-02-18,54.689998626708984,55.5,54.599998474121094,54.91999816894531,1485700
2025-02-28,53.220001220703125,53.36000061035156,52.33000183105469,52.52000045776367,2318400
2025-03-05,52.02000045776367,52.099998474121094,50.5099983215332,51.0,1300400
2025-03-10,50.13999938964844,51.68000030517578,49.349998474121094,51.27000045776367,2329554
