Datetime,Close,High,Low,Open,Volume
2026-01-08 05:00:00,56.150001525878906,56.33000183105469,56.09000015258789,56.27999877929688,2829
2026-01-08 06:30:00,56.16999816894531,56.290000915527344,56.130001068115234,56.13999938964844,2752
2026-01-08 08:00:00,56.25,56.31999969482422,55.970001220703125,56.15999984741211,11549
2026-01-08 09:30:00,56.650001525878906,56.70000076293945,56.25,56.2599983215332,9207
2026-01-08 11:00:00,56.84999847412109,56.91999816894531,56.58000183105469,56.63999938964844,12874
2026-01-08 12:30:00,57.06999969482422,57.18000030517578,56.77000045776367,56.86000061035156,27209
2026-01-08 14:00:00,56.83000183105469,57.22999954223633,56.790000915527344,57.06999969482422,42937
2026-01-08 15:30:00,57.06999969482422,57.15999984741211,56.7400016784668,56.83000183105469,31903
2026-01-08 17:00:00,57.380001068115234,57.43000030517578,57.040000915527344,57.060001373291016,28945
2026-01-08 18:30:00,58.20000076293945,58.2599983215332,57.31999969482422,57.380001068115234,88815
2026-01-08 20:00:00,58.630001068115234,58.7400016784668,58.20000076293945,58.20000076293945,20320
2026-01-08 21:30:00,58.400001525878906,58.650001525878906,58.36000061035156,58.63999938964844,6307
2026-01-08 23:00:00,58.22999954223633,58.45000076293945,58.220001220703125,58.400001525878906,2991
2026-01-09 00:30:00,58.09999847412109,58.290000915527344,57.97999954223633,58.2400016784668,7336
2026-01-09 02:00:00,58.040000915527344,58.18999862670898,58.0099983215332,58.09999847412109,2782
2026-01-09 03:30:00,58.18000030517578,58.209999084472656,58.0,58.02999877929688,3099
2026-01-09 05:00:00,58.34000015258789,58.36000061035156,58.09999847412109,58.18000030517578,2806
2026-01-09 06:30:00,58.33000183105469,58.52999877929688,58.27000045776367,58.33000183105469,5630
2026-01-09 08:00:00,57.95000076293945,58.34999847412109,57.93999862670898,58.33000183105469,13868
2026-01-09 09:30:00,58.08000183105469,58.119998931884766,57.61000061035156,57.959999084472656,21335
2026-01-09 11:00:00,58.27000045776367,58.31999969482422,58.09999847412109,58.09999847412109,7693
2026-01-09 12:30:00,58.2599983215332,58.33000183105469,58.0,58.27999877929688,18637
2026-01-09 14:00:00,59.25,59.34000015258789,58.18000030517578,58.27000045776367,65373
2026-01-09 15:30:00,59.7599983215332,59.77000045776367,59.150001525878906,59.2599983215332,53227
2026-01-09 17:00:00,59.25,59.7599983215332,59.09999847412109,59.7599983215332,46952
2026-01-09 18:30:00,58.97999954223633,59.45000076293945,58.97999954223633,59.2599983215332,58818
2026-01-09 20:00:00,58.84999847412109,59.02999877929688,58.75,58.97999954223633,12304
2026-01-09 21:30:00,58.77999877929688,58.95000076293945,58.709999084472656,58.84000015258789,3514
2026-01-11 23:00:00,59.36000061035156,59.79999923706055,59.34999847412109,59.52999877929688,7287
2026-01-12 00:30:00,58.790000915527344,59.5099983215332,58.63999938964844,59.36000061035156,12953
2026-01-12 02:00:00,59.18999862670898,59.25,58.790000915527344,58.79999923706055,3593
2026-01-12 03:30:00,59.20000076293945,59.29999923706055,59.13999938964844,59.18999862670898,2421
2026-01-12 05:00:00,59.22999954223633,59.310001373291016,59.15999984741211,59.20000076293945,3247
2026-01-12 06:30:00,58.95000076293945,59.290000915527344,58.900001525878906,59.22999954223633,5487
2026-01-12 08:00:00,58.810001373291016,59.130001068115234,58.66999816894531,58.93999862670898,12873
2026-01-12 09:30:00,58.810001373291016,59.0099983215332,58.68999862670898,58.790000915527344,9062
2026-01-12 11:00:00,58.7599983215332,58.81999969482422,58.45000076293945,58.810001373291016,11840
2026-01-12 12:30:00,58.77000045776367,59.08000183105469,58.650001525878906,58.7599983215332,19839
2026-01-12 14:00:00,59.02999877929688,59.06999969482422,58.47999954223633,58.77000045776367,37875
2026-01-12 15:30:00,59.0099983215332,59.209999084472656,58.97999954223633,59.040000915527344,9025
2026-01-13 00:30:00,59.68000030517578,59.79999923706055,59.66999816894531,59.790000915527344,879
2026-01-13 02:00:00,59.72999954223633,59.75,59.470001220703125,59.68999862670898,3787
2026-01-13 03:30:00,59.77999877929688,59.79999923706055,59.650001525878906,59.72999954223633,1255
2026-01-13 05:00:00,59.84000015258789,59.88999938964844,59.650001525878906,59.77999877929688,1596
2026-01-13 08:00:00,60.43999862670898,60.470001220703125,60.20000076293945,60.27999877929688,22850
2026-01-13 09:30:00,60.34999847412109,60.81999969482422,60.150001525878906,60.45000076293945,24761
2026-01-13 11:00:00,60.540000915527344,60.560001373291016,60.2400016784668,60.34999847412109,3208
2026-01-13 14:00:00,61.130001068115234,61.43000030517578,60.2599983215332,60.2599983215332,125235
2026-01-13 15:30:00,61.36000061035156,61.5,60.9900016784668,61.119998931884766,53705
2026-01-13 17:00:00,61.2400016784668,61.34999847412109,60.720001220703125,61.34999847412109,51544
2026-01-13 18:30:00,61.02999877929688,61.43000030517578,60.43000030517578,61.2400016784668,67732
2026-01-13 20:00:00,61.060001373291016,61.150001525878906,60.93000030517578,61.02999877929688,7345
2026-01-13 21:30:00,61.09999847412109,61.20000076293945,60.97999954223633,61.060001373291016,5614
2026-01-13 23:00:00,61.06999969482422,61.20000076293945,61.04999923706055,61.119998931884766,1338
2026-01-14 00:30:00,61.02000045776367,61.11000061035156,60.86000061035156,61.06999969482422,4423
2026-01-14 02:00:00,60.900001525878906,61.08000183105469,60.869998931884766,61.02000045776367,3621
2026-01-14 03:30:00,60.970001220703125,61.040000915527344,60.79999923706055,60.900001525878906,2751
2026-01-14 05:00:00,60.88999938964844,61.0,60.83000183105469,60.959999084472656,2197
2026-01-14 06:30:00,60.70000076293945,60.90999984741211,60.619998931884766,60.900001525878906,5281
2026-01-14 08:00:00,60.5,60.810001373291016,60.43000030517578,60.70000076293945,11606
2026-01-14 09:30:00,62.0,62.0099983215332,60.38999938964844,60.5,26029
2026-01-14 11:00:00,61.5099983215332,62.09999847412109,61.459999084472656,62.0,15689
2026-01-14 12:30:00,61.619998931884766,62.09999847412109,61.45000076293945,61.5099983215332,27344
2026-01-14 14:00:00,61.81999969482422,61.84999847412109,61.22999954223633,61.63999938964844,43696
2026-01-14 15:30:00,61.72999954223633,61.84000015258789,61.369998931884766,61.81999969482422,45323
2026-01-14 17:00:00,61.81999969482422,62.04999923706055,61.59999847412109,61.720001220703125,30135
2026-01-14 18:30:00,62.310001373291016,62.34999847412109,61.65999984741211,61.810001373291016,59097
2026-01-14 20:00:00,60.400001525878906,62.36000061035156,59.18999862670898,62.310001373291016,74840
2026-01-14 21:30:00,61.04999923706055,61.84999847412109,60.31999969482422,60.380001068115234,11308
2026-01-14 23:00:00,60.90999984741211,61.13999938964844,60.5099983215332,61.060001373291016,2483
2026-01-15 00:30:00,60.31999969482422,61.040000915527344,60.06999969482422,60.900001525878906,2830
2026-01-15 02:00:00,59.93999862670898,60.34999847412109,59.88999938964844,60.310001373291016,1226
2026-01-15 03:30:00,60.02999877929688,60.09999847412109,59.90999984741211,59.93000030517578,562
2026-01-15 05:00:00,60.29999923706055,60.29999923706055,59.84000015258789,60.02000045776367,1328
2026-01-15 06:30:00,60.02000045776367,60.29999923706055,59.81999969482422,60.29999923706055,1698
2026-01-15 08:00:00,59.84000015258789,60.27000045776367,59.68999862670898,59.9900016784668,52149
2026-01-15 09:30:00,59.45000076293945,59.86000061035156,58.9900016784668,59.83000183105469,29064
2026-01-15 11:00:00,59.54999923706055,59.880001068115234,59.43999862670898,59.45000076293945,18095
2026-01-15 12:30:00,59.15999984741211,59.56999969482422,59.0099983215332,59.560001373291016,34410
2026-01-15 14:00:00,58.880001068115234,59.43999862670898,58.7599983215332,59.16999816894531,51524
2026-01-15 15:30:00,58.900001525878906,59.310001373291016,58.84000015258789,58.88999938964844,45878
2026-01-15 17:00:00,59.27999877929688,59.36000061035156,58.81999969482422,58.900001525878906,39118
2026-01-15 18:30:00,58.93000030517578,59.310001373291016,58.90999984741211,59.27999877929688,40044
2026-01-15 20:00:00,59.09999847412109,59.16999816894531,58.77999877929688,58.91999816894531,13545
2026-01-15 21:30:00,59.16999816894531,59.18000030517578,59.09999847412109,59.09999847412109,4152
2026-01-15 23:00:00,59.18000030517578,59.18999862670898,58.97999954223633,59.16999816894531,2259
2026-01-16 00:30:00,59.130001068115234,59.29999923706055,59.08000183105469,59.16999816894531,4085
2026-01-16 02:00:00,58.93000030517578,59.16999816894531,58.90999984741211,59.130001068115234,3791
2026-01-16 03:30:00,58.97999954223633,59.02000045776367,58.900001525878906,58.93000030517578,2188
2026-01-16 05:00:00,58.84999847412109,59.0099983215332,58.810001373291016,58.970001220703125,1992
2026-01-16 06:30:00,59.20000076293945,59.36000061035156,58.84000015258789,58.86000061035156,8841
2026-01-16 08:00:00,59.72999954223633,59.7400016784668,58.9900016784668,59.20000076293945,15898
2026-01-16 09:30:00,59.84999847412109,59.880001068115234,59.540000915527344,59.72999954223633,12916
2026-01-16 11:00:00,59.95000076293945,60.04999923706055,59.68999862670898,59.84000015258789,15084
2026-01-16 12:30:00,59.880001068115234,59.9900016784668,59.619998931884766,59.959999084472656,19522
2026-01-16 14:00:00,59.59000015258789,59.970001220703125,59.34999847412109,59.880001068115234,47687
2026-01-16 15:30:00,59.75,59.84000015258789,59.47999954223633,59.58000183105469,34199
2026-01-16 17:00:00,59.83000183105469,59.88999938964844,59.43000030517578,59.75,33361
2026-01-16 18:30:00,59.380001068115234,59.84000015258789,59.220001220703125,59.84000015258789,61005
2026-01-16 20:00:00,59.29999923706055,59.470001220703125,59.2400016784668,59.380001068115234,7103
2026-01-16 21:30:00,59.34000015258789,59.34000015258789,59.20000076293945,59.29999923706055,1595
2026-01-19 03:30:00,59.33000183105469,59.400001525878906,59.31999969482422,59.34000015258789,256
2026-01-20 05:00:00,59.40999984741211,59.45000076293945,59.2599983215332,59.34999847412109,2224
2026-01-20 06:30:00,59.0099983215332,59.59000015258789,58.95000076293945,59.40999984741211,12929
2026-01-20 08:00:00,59.52000045776367,59.540000915527344,58.720001220703125,59.02000045776367,26576
2026-01-20 09:30:00,59.630001068115234,59.70000076293945,59.20000076293945,59.52000045776367,16813
2026-01-20 11:00:00,59.79999923706055,59.97999954223633,59.38999938964844,59.619998931884766,21321
2026-01-20 12:30:00,59.58000183105469,59.91999816894531,59.5,59.79999923706055,19339
2026-01-20 14:00:00,60.470001220703125,60.5099983215332,59.5099983215332,59.56999969482422,62547
2026-01-20 15:30:00,60.31999969482422,60.5,59.97999954223633,60.470001220703125,42754
2026-01-20 17:00:00,60.2599983215332,60.47999954223633,60.18000030517578,60.310001373291016,24969
2026-01-20 18:30:00,59.93999862670898,60.40999984741211,59.88999938964844,60.27000045776367,58508
2026-01-20 20:00:00,59.47999954223633,60.0099983215332,59.33000183105469,59.93000030517578,45491
2026-01-20 21:30:00,59.52000045776367,59.54999923706055,59.36000061035156,59.4900016784668,6333
2026-01-20 23:00:00,59.56999969482422,59.84000015258789,59.459999084472656,59.56999969482422,3463
2026-01-21 00:30:00,59.75,59.77999877929688,59.459999084472656,59.560001373291016,4512
2026-01-21 02:00:00,59.83000183105469,59.88999938964844,59.65999984741211,59.75,4766
2026-01-21 03:30:00,59.709999084472656,59.83000183105469,59.68999862670898,59.83000183105469,2271
2026-01-21 05:00:00,59.77999877929688,59.93000030517578,59.709999084472656,59.72999954223633,4146
2026-01-21 06:30:00,59.58000183105469,59.869998931884766,59.459999084472656,59.790000915527344,9729
2026-01-21 08:00:00,59.65999984741211,59.810001373291016,59.220001220703125,59.58000183105469,22428
2026-01-21 09:30:00,59.90999984741211,60.04999923706055,59.540000915527344,59.66999816894531,20523
2026-01-21 11:00:00,60.43999862670898,60.59999847412109,59.900001525878906,59.90999984741211,28642
2026-01-21 12:30:00,60.33000183105469,60.88999938964844,60.310001373291016,60.43000030517578,33673
2026-01-21 14:00:00,60.18999862670898,60.5,60.06999969482422,60.31999969482422,51335
2026-01-21 15:30:00,60.45000076293945,60.63999938964844,60.20000076293945,60.20000076293945,43537
2026-01-21 17:00:00,60.65999984741211,60.72999954223633,60.25,60.43999862670898,28457
2026-01-21 18:30:00,60.650001525878906,60.790000915527344,60.41999816894531,60.650001525878906,33478
2026-01-21 20:00:00,60.66999816894531,60.720001220703125,60.540000915527344,60.650001525878906,8989
2026-01-21 21:30:00,60.66999816894531,60.75,60.619998931884766,60.66999816894531,2638
2026-01-21 23:00:00,60.4900016784668,60.68999862670898,60.41999816894531,60.68000030517578,2184
2026-01-22 00:30:00,60.709999084472656,60.77999877929688,60.47999954223633,60.5,4355
2026-01-22 02:00:00,60.75,60.79999923706055,60.58000183105469,60.70000076293945,3207
2026-01-22 03:30:00,60.77000045776367,60.81999969482422,60.72999954223633,60.7599983215332,1361
2026-01-22 05:00:00,60.619998931884766,60.79999923706055,60.59999847412109,60.7599983215332,2303
2026-01-22 06:30:00,60.43999862670898,60.66999816894531,60.36000061035156,60.61000061035156,6237
2026-01-22 08:00:00,60.18999862670898,60.59000015258789,60.150001525878906,60.43999862670898,16851
2026-01-22 09:30:00,59.84999847412109,60.20000076293945,59.7599983215332,60.18999862670898,22161
2026-01-22 11:00:00,59.68999862670898,59.90999984741211,59.47999954223633,59.84999847412109,24361
2026-01-22 12:30:00,59.70000076293945,59.77999877929688,59.310001373291016,59.709999084472656,23073
2026-01-22 14:00:00,59.52999877929688,60.0,59.41999816894531,59.68999862670898,57914
2026-01-22 15:30:00,59.47999954223633,59.959999084472656,59.369998931884766,59.52999877929688,41428
2026-01-22 17:00:00,59.220001220703125,59.47999954223633,58.959999084472656,59.47999954223633,44174
2026-01-22 18:30:00,59.34000015258789,59.38999938964844,59.18000030517578,59.22999954223633,32622
2026-01-22 20:00:00,59.45000076293945,59.459999084472656,59.29999923706055,59.33000183105469,9255
2026-01-22 21:30:00,59.66999816894531,59.68999862670898,59.43999862670898,59.45000076293945,5684
2026-01-22 23:00:00,59.630001068115234,59.75,59.52000045776367,59.65999984741211,1490
2026-01-23 00:30:00,59.77000045776367,59.810001373291016,59.58000183105469,59.63999938964844,3924
2026-01-23 02:00:00,59.900001525878906,59.90999984741211,59.65999984741211,59.77000045776367,4301
2026-01-23 03:30:00,59.88999938964844,59.93999862670898,59.79999923706055,59.900001525878906,2446
2026-01-23 05:00:00,59.88999938964844,59.93000030517578,59.7400016784668,59.88999938964844,2645
2026-01-23 06:30:00,59.66999816894531,59.9900016784668,59.59000015258789,59.869998931884766,4608
2026-01-23 08:00:00,60.040000915527344,60.11000061035156,59.650001525878906,59.65999984741211,13807
2026-01-23 09:30:00,60.2400016784668,60.34000015258789,59.86000061035156,60.040000915527344,11817
2026-01-23 11:00:00,60.5,60.52000045776367,60.18000030517578,60.2400016784668,11518
2026-01-23 12:30:00,61.02000045776367,61.060001373291016,60.34999847412109,60.5099983215332,23402
2026-01-23 14:00:00,61.13999938964844,61.2599983215332,60.84999847412109,61.0099983215332,51425
2026-01-23 15:30:00,61.11000061035156,61.18999862670898,60.70000076293945,61.13999938964844,34080
2026-01-23 17:00:00,61.060001373291016,61.25,60.810001373291016,61.11000061035156,31716
2026-01-23 18:30:00,61.08000183105469,61.2599983215332,60.959999084472656,61.060001373291016,41819
2026-01-23 20:00:00,61.27000045776367,61.31999969482422,61.060001373291016,61.09000015258789,16534
2026-01-23 21:30:00,61.27999877929688,61.36000061035156,61.220001220703125,61.2599983215332,4664
2026-01-25 23:00:00,61.09999847412109,61.119998931884766,60.7400016784668,60.86000061035156,6660
2026-01-26 00:30:00,61.119998931884766,61.290000915527344,60.9900016784668,61.09000015258789,6475
2026-01-26 02:00:00,61.06999969482422,61.150001525878906,60.93000030517578,61.11000061035156,3812
2026-01-26 03:30:00,61.18000030517578,61.20000076293945,61.040000915527344,61.06999969482422,1850
2026-01-26 05:00:00,61.65999984741211,61.709999084472656,61.02000045776367,61.18999862670898,5989
2026-01-26 06:30:00,60.95000076293945,61.66999816894531,60.93000030517578,61.66999816894531,12576
2026-01-26 08:00:00,60.970001220703125,61.33000183105469,60.77999877929688,60.95000076293945,20149
2026-01-26 09:30:00,61.2400016784668,61.25,60.810001373291016,60.97999954223633,9799
2026-01-26 11:00:00,61.04999923706055,61.400001525878906,61.0,61.2400016784668,11955
2026-01-26 12:30:00,60.790000915527344,61.060001373291016,60.560001373291016,61.04999923706055,26290
2026-01-26 14:00:00,60.7400016784668,61.0,60.5,60.790000915527344,41787
2026-01-26 15:30:00,60.84000015258789,60.90999984741211,60.41999816894531,60.72999954223633,30414
2026-01-26 17:00:00,60.59999847412109,61.02999877929688,60.59000015258789,60.84000015258789,23147
2026-01-26 18:30:00,60.619998931884766,60.810001373291016,60.4900016784668,60.59999847412109,29607
2026-01-26 20:00:00,60.70000076293945,60.86000061035156,60.31999969482422,60.619998931884766,18283
2026-01-26 21:30:00,60.83000183105469,60.900001525878906,60.63999938964844,60.70000076293945,5745
2026-01-26 23:00:00,60.810001373291016,60.869998931884766,60.7599983215332,60.77999877929688,909
2026-01-27 00:30:00,60.25,60.86000061035156,60.20000076293945,60.810001373291016,6662
2026-01-27 02:00:00,60.27000045776367,60.380001068115234,60.220001220703125,60.25,3377
2026-01-27 03:30:00,60.220001220703125,60.31999969482422,60.220001220703125,60.2599983215332,1499
2026-01-27 05:00:00,60.5,60.52999877929688,60.16999816894531,60.220001220703125,3781
2026-01-27 06:30:00,60.380001068115234,60.540000915527344,60.290000915527344,60.5,4298
2026-01-27 08:00:00,60.61000061035156,60.650001525878906,60.13999938964844,60.38999938964844,12202
2026-01-27 09:30:00,60.93999862670898,61.02999877929688,60.5099983215332,60.619998931884766,13523
2026-01-27 11:00:00,60.56999969482422,60.97999954223633,60.47999954223633,60.93000030517578,10844
2026-01-27 12:30:00,61.77999877929688,61.86000061035156,60.43999862670898,60.56999969482422,42186
2026-01-27 14:00:00,61.2400016784668,61.810001373291016,60.93999862670898,61.77999877929688,60032
2026-01-27 15:30:00,61.900001525878906,61.97999954223633,61.220001220703125,61.22999954223633,40972
2026-01-27 17:00:00,62.130001068115234,62.2400016784668,61.86000061035156,61.88999938964844,40544
2026-01-27 18:30:00,62.18999862670898,62.58000183105469,61.91999816894531,62.119998931884766,65388
2026-01-27 20:00:00,62.459999084472656,62.630001068115234,62.18000030517578,62.20000076293945,21301
2026-01-27 21:30:00,62.56999969482422,62.58000183105469,62.40999984741211,62.459999084472656,3261
2026-01-27 23:00:00,62.54999923706055,62.66999816894531,62.459999084472656,62.58000183105469,3070
2026-01-28 00:30:00,62.45000076293945,62.63999938964844,62.34000015258789,62.54999923706055,6021
2026-01-28 02:00:00,62.81999969482422,62.86000061035156,62.38999938964844,62.45000076293945,5340
2026-01-28 03:30:00,62.81999969482422,62.84999847412109,62.650001525878906,62.81999969482422,4068
2026-01-28 05:00:00,62.77000045776367,63.0,62.7599983215332,62.81999969482422,4975
2026-01-28 06:30:00,62.5,62.88999938964844,62.400001525878906,62.77000045776367,8390
2026-01-28 08:00:00,62.2599983215332,62.79999923706055,62.2599983215332,62.5,16462
2026-01-28 09:30:00,62.13999938964844,62.33000183105469,62.06999969482422,62.27000045776367,13281
2026-01-28 11:00:00,62.709999084472656,63.16999816894531,62.11000061035156,62.130001068115234,27429
2026-01-28 12:30:00,63.34999847412109,63.38999938964844,62.630001068115234,62.720001220703125,39610
2026-01-28 14:00:00,62.970001220703125,63.52000045776367,62.63999938964844,63.34999847412109,77299
2026-01-28 15:30:00,62.7400016784668,63.119998931884766,62.68999862670898,62.959999084472656,42141
2026-01-28 17:00:00,62.790000915527344,62.93000030517578,62.540000915527344,62.7400016784668,25705
2026-01-28 18:30:00,63.22999954223633,63.290000915527344,62.77999877929688,62.790000915527344,34935
2026-01-28 20:00:00,63.5099983215332,63.56999969482422,63.220001220703125,63.220001220703125,17935
2026-01-28 21:30:00,63.5,63.540000915527344,63.45000076293945,63.5099983215332,2218
2026-01-28 23:00:00,63.54999923706055,63.83000183105469,63.27999877929688,63.5,8086
2026-01-29 00:30:00,63.81999969482422,63.83000183105469,63.43000030517578,63.540000915527344,7031
2026-01-29 02:00:00,64.02999877929688,64.08999633789062,63.63999938964844,63.81999969482422,7823
2026-01-29 03:30:00,64.33000183105469,64.37999725341797,63.91999816894531,64.02999877929688,6217
2026-01-29 05:00:00,64.13999938964844,64.30999755859375,64.0199966430664,64.30999755859375,4279
2026-01-29 06:30:00,64.08000183105469,64.4800033569336,64.02999877929688,64.12999725341797,11854
2026-01-29 08:00:00,64.7699966430664,64.80000305175781,64.05000305175781,64.08000183105469,18381
2026-01-29 09:30:00,64.7300033569336,65.08999633789062,64.31999969482422,64.79000091552734,22985
2026-01-29 11:00:00,64.75,64.91999816894531,64.37000274658203,64.72000122070312,16833
2026-01-29 12:30:00,65.44999694824219,65.62999725341797,64.62000274658203,64.75,55242
2026-01-29 14:00:00,65.12000274658203,66.4800033569336,64.86000061035156,65.45999908447266,144032
2026-01-29 15:30:00,65.23999786376953,65.75,64.63999938964844,65.12000274658203,86284
2026-01-29 17:00:00,65.16999816894531,65.68000030517578,65.06999969482422,65.25,51290
2026-01-29 18:30:00,65.37999725341797,65.58999633789062,64.9000015258789,65.16000366210938,62047
2026-01-29 20:00:00,65.26000213623047,65.93000030517578,65.22000122070312,65.37000274658203,22769
2026-01-29 21:30:00,65.51000213623047,65.5199966430664,65.23999786376953,65.26000213623047,3144
2026-01-29 23:00:00,65.36000061035156,65.87000274658203,65.12999725341797,65.5199966430664,6293
2026-01-30 00:30:00,64.7699966430664,65.56999969482422,64.0999984741211,65.37000274658203,17646
2026-01-30 02:00:00,64.36000061035156,65.41999816894531,63.63999938964844,64.79000091552734,19478
2026-01-30 03:30:00,64.33999633789062,64.44000244140625,64.1500015258789,64.3499984741211,4657
2026-01-30 05:00:00,64.29000091552734,64.73999786376953,64.23999786376953,64.31999969482422,7593
2026-01-30 06:30:00,64.16000366210938,64.38999938964844,63.97999954223633,64.27999877929688,7967
2026-01-30 08:00:00,64.94000244140625,65.06999969482422,64.08999633789062,64.1500015258789,21025
2026-01-30 09:30:00,64.62999725341797,65.0999984741211,64.22000122070312,64.94000244140625,17808
2026-01-30 11:00:00,65.02999877929688,65.16999816894531,64.30000305175781,64.62999725341797,28835
2026-01-30 12:30:00,65.30999755859375,65.44000244140625,64.91000366210938,65.02999877929688,33577
2026-01-30 14:00:00,65.33999633789062,65.91999816894531,65.27999877929688,65.30000305175781,57144
2026-01-30 15:30:00,65.69000244140625,66.11000061035156,65.30999755859375,65.33999633789062,51969
2026-01-30 17:00:00,64.4000015258789,65.83999633789062,64.2300033569336,65.69000244140625,73430
2026-01-30 18:30:00,65.56999969482422,65.68000030517578,64.18000030517578,64.4000015258789,52045
2026-01-30 20:00:00,65.80000305175781,65.91999816894531,65.55000305175781,65.56999969482422,16103
2026-01-30 21:30:00,65.72000122070312,65.79000091552734,65.69000244140625,65.79000091552734,3221
2026-02-01 23:00:00,63.619998931884766,63.77999877929688,63.08000183105469,63.220001220703125,13563
2026-02-02 00:30:00,63.02999877929688,63.79999923706055,62.61000061035156,63.61000061035156,21403
2026-02-02 02:00:00,62.38999938964844,63.119998931884766,62.29999923706055,63.02999877929688,11064
2026-02-02 03:30:00,62.20000076293945,62.540000915527344,62.11000061035156,62.400001525878906,7056
2026-02-02 05:00:00,61.70000076293945,62.20000076293945,61.43000030517578,62.18000030517578,16098
2026-02-02 06:30:00,61.90999984741211,62.25,61.560001373291016,61.68999862670898,15832
2026-02-02 08:00:00,61.77999877929688,62.369998931884766,61.38999938964844,61.91999816894531,27184
2026-02-02 09:30:00,61.90999984741211,62.27999877929688,61.709999084472656,61.77000045776367,17223
2026-02-02 11:00:00,62.15999984741211,62.25,61.61000061035156,61.900001525878906,13270
2026-02-02 12:30:00,62.11000061035156,62.29999923706055,61.58000183105469,62.15999984741211,27435
2026-02-02 14:00:00,62.02000045776367,62.56999969482422,61.93999862670898,62.119998931884766,68058
2026-02-02 15:30:00,61.970001220703125,62.400001525878906,61.75,62.0099983215332,49755
2026-02-02 17:00:00,61.88999938964844,62.08000183105469,61.65999984741211,61.970001220703125,28036
2026-02-02 18:30:00,62.04999923706055,62.220001220703125,61.540000915527344,61.900001525878906,42464
2026-02-02 20:00:00,62.25,62.310001373291016,62.02999877929688,62.060001373291016,9002
2026-02-02 21:30:00,62.33000183105469,62.369998931884766,62.15999984741211,62.2400016784668,1664
2026-02-02 23:00:00,61.97999954223633,62.290000915527344,61.790000915527344,62.27999877929688,3652
2026-02-03 00:30:00,62.34999847412109,62.459999084472656,61.93999862670898,61.97999954223633,5340
2026-02-03 02:00:00,61.810001373291016,62.380001068115234,61.54999923706055,62.34999847412109,8166
2026-02-03 03:30:00,61.91999816894531,62.02000045776367,61.810001373291016,61.810001373291016,2688
2026-02-03 05:00:00,61.869998931884766,61.970001220703125,61.75,61.91999816894531,2612
2026-02-03 06:30:00,61.90999984741211,62.060001373291016,61.720001220703125,61.88999938964844,4727
2026-02-03 08:00:00,61.27999877929688,62.15999984741211,61.119998931884766,61.91999816894531,20842
2026-02-03 09:30:00,62.220001220703125,62.34000015258789,61.2599983215332,61.290000915527344,14502
2026-02-03 11:00:00,62.380001068115234,62.52000045776367,62.09999847412109,62.220001220703125,12986
2026-02-03 12:30:00,62.59999847412109,62.709999084472656,62.31999969482422,62.380001068115234,19359
2026-02-03 14:00:00,62.77000045776367,63.130001068115234,62.38999938964844,62.59999847412109,47259
2026-02-03 15:30:00,62.66999816894531,63.0,62.52000045776367,62.77999877929688,47321
2026-02-03 17:00:00,62.880001068115234,63.7400016784668,62.52000045776367,62.66999816894531,83164
2026-02-03 18:30:00,63.47999954223633,63.56999969482422,62.70000076293945,62.880001068115234,56300
2026-02-03 20:00:00,63.959999084472656,64.20999908447266,63.459999084472656,63.470001220703125,17519
2026-02-03 21:30:00,63.900001525878906,64.1500015258789,63.540000915527344,63.959999084472656,7382
2026-02-03 23:00:00,63.84000015258789,63.88999938964844,63.630001068115234,63.79999923706055,1644
2026-02-04 00:30:00,64.05000305175781,64.16999816894531,63.470001220703125,63.83000183105469,5771
2026-02-04 02:00:00,63.720001220703125,64.13999938964844,63.540000915527344,64.05000305175781,5021
2026-02-04 03:30:00,63.84000015258789,63.900001525878906,63.70000076293945,63.720001220703125,2127
2026-02-04 05:00:00,63.68999862670898,63.86000061035156,63.65999984741211,63.84000015258789,2171
2026-02-04 06:30:00,63.36000061035156,63.83000183105469,63.2599983215332,63.68000030517578,7216
2026-02-04 08:00:00,63.20000076293945,63.70000076293945,62.95000076293945,63.36000061035156,13359
2026-02-04 09:30:00,63.52999877929688,63.790000915527344,63.209999084472656,63.209999084472656,10762
2026-02-04 11:00:00,63.34000015258789,63.52999877929688,63.22999954223633,63.52999877929688,8286
2026-02-04 12:30:00,62.88999938964844,63.61000061035156,62.86000061035156,63.34000015258789,21067
2026-02-04 14:00:00,63.459999084472656,63.63999938964844,62.86000061035156,62.900001525878906,43471
2026-02-04 15:30:00,63.540000915527344,63.59999847412109,62.97999954223633,63.459999084472656,41466
2026-02-04 17:00:00,65.2699966430664,65.52999877929688,63.4900016784668,63.52999877929688,114447
2026-02-04 18:30:00,64.2300033569336,65.45999908447266,63.630001068115234,65.27999877929688,122187
2026-02-04 20:00:00,64.37000274658203,64.62999725341797,64.16999816894531,64.23999786376953,13308
2026-02-04 21:30:00,64.47000122070312,64.55000305175781,64.36000061035156,64.37000274658203,1847
2026-02-04 23:00:00,64.48999786376953,64.6500015258789,64.01000213623047,64.48999786376953,2495
2026-02-05 00:30:00,64.08000183105469,64.55000305175781,64.08000183105469,64.4800033569336,6268
2026-02-05 02:00:00,63.84000015258789,64.12999725341797,63.47999954223633,64.08999633789062,11432
2026-02-05 03:30:00,63.790000915527344,63.88999938964844,63.66999816894531,63.84999847412109,2683
2026-02-05 05:00:00,63.81999969482422,63.880001068115234,63.59999847412109,63.7599983215332,2927
2026-02-05 06:30:00,64.02999877929688,64.12000274658203,63.7599983215332,63.83000183105469,6085
2026-02-05 08:00:00,64.4000015258789,64.41000366210938,63.95000076293945,64.02999877929688,12340
2026-02-05 09:30:00,64.1500015258789,64.41999816894531,64.11000061035156,64.4000015258789,8492
2026-02-05 11:00:00,64.12999725341797,64.66999816894531,64.0199966430664,64.13999938964844,17871
2026-02-05 12:30:00,63.34999847412109,64.12999725341797,63.22999954223633,64.12999725341797,31636
2026-02-05 14:00:00,63.0099983215332,63.68000030517578,62.93000030517578,63.36000061035156,65650
2026-02-05 15:30:00,63.58000183105469,63.59000015258789,62.650001525878906,63.0099983215332,52207
2026-02-05 17:00:00,63.38999938964844,63.869998931884766,63.34000015258789,63.59000015258789,28370
2026-02-05 18:30:00,63.18999862670898,63.5099983215332,62.93000030517578,63.38999938964844,76774
2026-02-05 20:00:00,63.09000015258789,63.45000076293945,63.040000915527344,63.18999862670898,19105
2026-02-05 21:30:00,63.119998931884766,63.2400016784668,63.0099983215332,63.06999969482422,2899
2026-02-05 23:00:00,62.630001068115234,63.13999938964844,62.310001373291016,63.09999847412109,5227
2026-02-06 00:30:00,63.040000915527344,63.119998931884766,62.61000061035156,62.63999938964844,7911
2026-02-06 02:00:00,63.5099983215332,63.84999847412109,63.0099983215332,63.04999923706055,9847
2026-02-06 03:30:00,63.630001068115234,63.72999954223633,63.41999816894531,63.5,2826
2026-02-06 05:00:00,64.11000061035156,64.3499984741211,63.61000061035156,63.650001525878906,8815
2026-02-06 06:30:00,64.18000030517578,64.2699966430664,63.97999954223633,64.12000274658203,7375
2026-02-06 08:00:00,64.43000030517578,64.58000183105469,63.650001525878906,64.19000244140625,26968
2026-02-06 09:30:00,63.400001525878906,64.54000091552734,63.27000045776367,64.43000030517578,25306
2026-02-06 11:00:00,63.0099983215332,63.63999938964844,62.65999984741211,63.40999984741211,28699
2026-02-06 12:30:00,62.38999938964844,63.619998931884766,62.20000076293945,63.0,45344
2026-02-06 14:00:00,63.900001525878906,63.93999862670898,62.2599983215332,62.369998931884766,63421
2026-02-06 15:30:00,64.16000366210938,64.25,63.470001220703125,63.88999938964844,45316
2026-02-06 17:00:00,64.16999816894531,64.38999938964844,63.83000183105469,64.16000366210938,32428
2026-02-06 18:30:00,63.40999984741211,64.19000244140625,63.380001068115234,64.16000366210938,74286
2026-02-06 20:00:00,63.4900016784668,63.54999923706055,63.27000045776367,63.40999984741211,15317
2026-02-06 21:30:00,63.5,63.540000915527344,63.43000030517578,63.47999954223633,2296
2026-02-08 23:00:00,62.97999954223633,63.150001525878906,62.7400016784668,62.77999877929688,3890
2026-02-09 00:30:00,63.220001220703125,63.290000915527344,62.95000076293945,62.97999954223633,3549
2026-02-09 02:00:00,62.97999954223633,63.29999923706055,62.84999847412109,63.220001220703125,3233
2026-02-09 03:30:00,62.93999862670898,63.040000915527344,62.880001068115234,62.9900016784668,2727
2026-02-09 05:00:00,62.880001068115234,63.0099983215332,62.77000045776367,62.93999862670898,2255
2026-02-09 06:30:00,62.72999954223633,62.97999954223633,62.68000030517578,62.900001525878906,4764
2026-02-09 08:00:00,63.119998931884766,63.220001220703125,62.72999954223633,62.7400016784668,11869
2026-02-09 09:30:00,63.869998931884766,63.88999938964844,62.75,63.119998931884766,17007
2026-02-09 11:00:00,63.709999084472656,63.91999816894531,63.5099983215332,63.86000061035156,11005
2026-02-09 12:30:00,63.22999954223633,63.790000915527344,63.18999862670898,63.709999084472656,16430
2026-02-09 14:00:00,64.08999633789062,64.31999969482422,63.060001373291016,63.220001220703125,41640
2026-02-09 15:30:00,64.8499984741211,64.87999725341797,64.05000305175781,64.08999633789062,36220
2026-02-09 17:00:00,64.52999877929688,64.87999725341797,64.4800033569336,64.8499984741211,26597
2026-02-09 18:30:00,64.25,64.55000305175781,64.19999694824219,64.52999877929688,60371
2026-02-09 20:00:00,64.41000366210938,64.44999694824219,64.20999908447266,64.26000213623047,8221
2026-02-09 21:30:00,64.41999816894531,64.47000122070312,64.38999938964844,64.41000366210938,2689
2026-02-09 23:00:00,64.2699966430664,64.5,64.26000213623047,64.44000244140625,1152
2026-02-10 00:30:00,64.27999877929688,64.3499984741211,63.869998931884766,64.2699966430664,6387
2026-02-10 02:00:00,64.0999984741211,64.36000061035156,64.08999633789062,64.29000091552734,2673
2026-02-10 03:30:00,64.19000244140625,64.25,64.08000183105469,64.08999633789062,2722
2026-02-10 05:00:00,64.26000213623047,64.37000274658203,64.06999969482422,64.19999694824219,4051
2026-02-10 06:30:00,64.31999969482422,64.43000030517578,64.19000244140625,64.26000213623047,5090
2026-02-10 08:00:00,64.55000305175781,64.69000244140625,64.08000183105469,64.30000305175781,10214
2026-02-10 09:30:00,64.33999633789062,64.56999969482422,64.0199966430664,64.55000305175781,10984
2026-02-10 11:00:00,64.37999725341797,64.66000366210938,64.29000091552734,64.33999633789062,9740
2026-02-10 12:30:00,64.51000213623047,64.70999908447266,64.25,64.37999725341797,14454
2026-02-10 14:00:00,64.48999786376953,64.66999816894531,64.12999725341797,64.51000213623047,37707
2026-02-10 15:30:00,63.97999954223633,64.5999984741211,63.77999877929688,64.5,31884
2026-02-10 17:00:00,63.93999862670898,64.29000091552734,63.81999969482422,63.970001220703125,30223
2026-02-10 18:30:00,64.13999938964844,64.19999694824219,63.650001525878906,63.93999862670898,52705
2026-02-10 20:00:00,64.16000366210938,64.44999694824219,64.0199966430664,64.13999938964844,14731
2026-02-10 21:30:00,64.19999694824219,64.2699966430664,64.16000366210938,64.16000366210938,3886
2026-02-10 23:00:00,64.30000305175781,64.33999633789062,64.1500015258789,64.19999694824219,1080
2026-02-11 00:30:00,64.3499984741211,64.38999938964844,64.16999816894531,64.29000091552734,2057
2026-02-11 02:00:00,64.5199966430664,64.62999725341797,64.33000183105469,64.3499984741211,3163
2026-02-11 03:30:00,64.43000030517578,64.52999877929688,64.41000366210938,64.51000213623047,1526
2026-02-11 05:00:00,64.41000366210938,64.44000244140625,64.30000305175781,64.41999816894531,3255
2026-02-11 06:30:00,64.52999877929688,64.69000244140625,64.37000274658203,64.41999816894531,4777
2026-02-11 08:00:00,64.91999816894531,64.97000122070312,64.52999877929688,64.52999877929688,10792
2026-02-11 09:30:00,64.9000015258789,64.9800033569336,64.7300033569336,64.91999816894531,7949
2026-02-11 11:00:00,65.3499984741211,65.43000030517578,64.87000274658203,64.9000015258789,13588
2026-02-11 12:30:00,65.45999908447266,65.56999969482422,64.91999816894531,65.3499984741211,24729
2026-02-11 14:00:00,65.02999877929688,65.83000183105469,64.94000244140625,65.45999908447266,44065
2026-02-11 15:30:00,65.06999969482422,65.30000305175781,64.77999877929688,65.0199966430664,51586
2026-02-11 17:00:00,65.01000213623047,65.1500015258789,64.76000213623047,65.06999969482422,29595
2026-02-11 18:30:00,64.87000274658203,65.12999725341797,64.44000244140625,65.01000213623047,90673
2026-02-11 20:00:00,64.9800033569336,65.04000091552734,64.83999633789062,64.87000274658203,6441
2026-02-11 21:30:00,64.88999938964844,65.0,64.88999938964844,64.9800033569336,3379
2026-02-11 23:00:00,64.9800033569336,65.01000213623047,64.80000305175781,64.87000274658203,1120
2026-02-12 00:30:00,64.88999938964844,65.02999877929688,64.77999877929688,64.98999786376953,3079
2026-02-12 02:00:00,64.9000015258789,64.9800033569336,64.81999969482422,64.9000015258789,1654
2026-02-12 03:30:00,64.9800033569336,65.0999984741211,64.9000015258789,64.9000015258789,2228
2026-02-12 05:00:00,64.7699966430664,64.98999786376953,64.69999694824219,64.9800033569336,3370
2026-02-12 06:30:00,64.83999633789062,64.91000366210938,64.62999725341797,64.7699966430664,4164
2026-02-12 08:00:00,64.43000030517578,65.05000305175781,64.37999725341797,64.8499984741211,14660
2026-02-12 09:30:00,64.43000030517578,64.58000183105469,64.2300033569336,64.43000030517578,11415
2026-02-12 11:00:00,64.54000091552734,64.6500015258789,64.30000305175781,64.44000244140625,8763
2026-02-12 12:30:00,64.23999786376953,64.62000274658203,63.959999084472656,64.54000091552734,22653
2026-02-12 14:00:00,63.970001220703125,64.41000366210938,63.900001525878906,64.25,35655
2026-02-12 15:30:00,62.77000045776367,64.02999877929688,62.709999084472656,63.970001220703125,67922
2026-02-12 17:00:00,62.68999862670898,62.93999862670898,62.540000915527344,62.77000045776367,38319
2026-02-12 18:30:00,62.95000076293945,63.06999969482422,62.38999938964844,62.68999862670898,98146
2026-02-12 20:00:00,62.93999862670898,62.959999084472656,62.81999969482422,62.95000076293945,5155
2026-02-12 21:30:00,62.90999984741211,62.9900016784668,62.86000061035156,62.93000030517578,3220
2026-02-12 23:00:00,62.900001525878906,62.9900016784668,62.79999923706055,62.9900016784668,1523
2026-02-13 00:30:00,62.84999847412109,63.0099983215332,62.7599983215332,62.900001525878906,3597
2026-02-13 02:00:00,62.72999954223633,62.900001525878906,62.70000076293945,62.84999847412109,2828
2026-02-13 03:30:00,62.77999877929688,62.79999923706055,62.65999984741211,62.720001220703125,1437
2026-02-13 05:00:00,62.7400016784668,62.77999877929688,62.59999847412109,62.75,2648
2026-02-13 06:30:00,62.68000030517578,62.86000061035156,62.65999984741211,62.75,3957
2026-02-13 08:00:00,62.869998931884766,63.040000915527344,62.540000915527344,62.68999862670898,8958
2026-02-13 09:30:00,63.15999984741211,63.2599983215332,62.84000015258789,62.869998931884766,9117
2026-02-13 11:00:00,62.38999938964844,63.150001525878906,62.13999938964844,63.150001525878906,23882
2026-02-13 12:30:00,62.959999084472656,63.04999923706055,62.31999969482422,62.36000061035156,24000
2026-02-13 14:00:00,62.77999877929688,62.970001220703125,62.33000183105469,62.970001220703125,38762
2026-02-13 15:30:00,62.65999984741211,62.970001220703125,62.43999862670898,62.77999877929688,27715
2026-02-13 17:00:00,63.04999923706055,63.209999084472656,62.63999938964844,62.65999984741211,25789
2026-02-13 18:30:00,62.70000076293945,63.18999862670898,62.70000076293945,63.04999923706055,36756
2026-02-13 20:00:00,62.84000015258789,62.880001068115234,62.380001068115234,62.70000076293945,11701
2026-02-13 21:30:00,62.810001373291016,62.95000076293945,62.77999877929688,62.83000183105469,2108
2026-02-15 23:00:00,62.880001068115234,62.93999862670898,62.810001373291016,62.88999938964844,1221
2026-02-16 00:30:00,62.869998931884766,62.93000030517578,62.83000183105469,62.880001068115234,704
2026-02-16 02:00:00,62.93000030517578,62.970001220703125,62.7599983215332,62.86000061035156,1235
2026-02-16 03:30:00,62.90999984741211,62.970001220703125,62.81999969482422,62.93000030517578,1691
2026-02-17 05:00:00,63.36000061035156,63.52000045776367,63.34000015258789,63.52000045776367,1154
2026-02-17 06:30:00,63.20000076293945,63.38999938964844,63.150001525878906,63.34999847412109,3298
2026-02-17 08:00:00,63.220001220703125,63.33000183105469,62.97999954223633,63.20000076293945,5956
2026-02-17 09:30:00,63.459999084472656,63.52000045776367,63.02000045776367,63.209999084472656,9364
2026-02-17 11:00:00,63.68999862670898,63.959999084472656,63.43999862670898,63.470001220703125,22039
2026-02-17 12:30:00,62.29999923706055,63.68999862670898,62.16999816894531,63.68999862670898,45920
2026-02-17 14:00:00,61.970001220703125,62.86000061035156,61.95000076293945,62.29999923706055,58477
2026-02-17 15:30:00,62.2599983215332,62.38999938964844,61.7599983215332,61.970001220703125,48501
2026-02-17 17:00:00,62.290000915527344,62.31999969482422,61.83000183105469,62.2599983215332,25928
2026-02-17 18:30:00,62.18000030517578,62.43000030517578,62.09000015258789,62.310001373291016,39441
2026-02-17 20:00:00,62.150001525878906,62.310001373291016,62.119998931884766,62.16999816894531,12540
2026-02-17 21:30:00,62.220001220703125,62.27000045776367,62.09999847412109,62.150001525878906,2422
2026-02-17 23:00:00,62.150001525878906,62.27000045776367,62.040000915527344,62.20000076293945,1563
2026-02-18 00:30:00,62.2400016784668,62.27000045776367,62.11000061035156,62.13999938964844,2341
2026-02-18 02:00:00,62.33000183105469,62.36000061035156,62.20000076293945,62.2400016784668,2740
2026-02-18 03:30:00,62.470001220703125,62.47999954223633,62.34000015258789,62.34999847412109,1851
2026-02-18 05:00:00,62.33000183105469,62.47999954223633,62.27999877929688,62.470001220703125,1815
2026-02-18 06:30:00,62.400001525878906,62.5,62.2599983215332,62.31999969482422,3799
2026-02-18 08:00:00,62.470001220703125,62.65999984741211,62.34000015258789,62.400001525878906,7802
2026-02-18 09:30:00,62.959999084472656,63.040000915527344,62.34000015258789,62.47999954223633,18032
2026-02-18 11:00:00,63.95000076293945,64.08000183105469,62.95000076293945,62.97999954223633,30717
2026-02-18 12:30:00,63.77000045776367,64.05000305175781,63.720001220703125,63.959999084472656,33275
2026-02-18 14:00:00,64.12999725341797,64.41999816894531,63.63999938964844,63.77999877929688,65209
2026-02-18 15:30:00,64.55000305175781,64.66000366210938,64.05000305175781,64.13999938964844,52247
2026-02-18 17:00:00,64.95999908447266,65.08999633789062,64.44999694824219,64.55000305175781,43731
2026-02-18 18:30:00,65.02999877929688,65.30000305175781,64.62000274658203,64.97000122070312,79598
2026-02-18 20:00:00,64.95999908447266,65.43000030517578,64.91000366210938,65.04000091552734,21498
2026-02-18 21:30:00,64.94000244140625,65.04000091552734,64.80000305175781,64.94999694824219,5481
2026-02-18 23:00:00,65.01000213623047,65.30999755859375,64.7699966430664,64.97000122070312,3565
2026-02-19 00:30:00,65.16000366210938,65.16999816894531,64.91999816894531,65.01000213623047,3505
2026-02-19 02:00:00,65.30999755859375,65.37999725341797,65.12000274658203,65.16999816894531,4654
2026-02-19 03:30:00,65.16999816894531,65.41999816894531,65.1500015258789,65.30000305175781,3972
2026-02-19 05:00:00,65.19000244140625,65.31999969482422,65.19000244140625,65.22000122070312,2166
2026-02-19 06:30:00,65.77999877929688,65.81999969482422,65.16999816894531,65.18000030517578,8035
2026-02-19 08:00:00,65.73999786376953,66.2699966430664,65.62000274658203,65.7699966430664,23031
2026-02-19 09:30:00,65.97000122070312,66.05000305175781,65.61000061035156,65.73999786376953,20713
2026-02-19 11:00:00,66.04000091552734,66.29000091552734,65.80999755859375,65.9800033569336,18239
2026-02-19 12:30:00,66.41000366210938,66.56999969482422,65.97000122070312,66.04000091552734,40547
2026-02-19 14:00:00,66.38999938964844,66.55000305175781,65.44999694824219,66.43000030517578,103794
2026-02-19 15:30:00,66.62000274658203,66.6500015258789,66.2300033569336,66.37999725341797,45999
2026-02-19 17:00:00,66.37000274658203,66.77999877929688,66.19999694824219,66.58999633789062,55928
2026-02-19 18:30:00,66.58999633789062,66.5999984741211,66.30999755859375,66.37999725341797,67936
2026-02-19 20:00:00,66.41000366210938,66.9000015258789,65.9000015258789,66.58000183105469,23631
2026-02-19 21:30:00,66.66999816894531,66.7300033569336,66.36000061035156,66.41999816894531,4211
2026-02-19 23:00:00,66.36000061035156,66.7300033569336,66.30999755859375,66.72000122070312,2465
2026-02-20 00:30:00,66.58000183105469,66.7699966430664,66.3499984741211,66.37000274658203,4614
2026-02-20 02:00:00,66.5199966430664,66.86000061035156,66.4800033569336,66.56999969482422,4526
2026-02-20 03:30:00,66.72000122070312,66.7300033569336,66.51000213623047,66.5199966430664,2284
2026-02-20 05:00:00,66.98999786376953,67.02999877929688,66.69000244140625,66.72000122070312,4444
2026-02-20 06:30:00,66.33000183105469,67.02999877929688,66.30999755859375,66.9800033569336,8842
2026-02-20 08:00:00,66.55000305175781,66.55999755859375,66.0999984741211,66.33999633789062,17252
2026-02-20 09:30:00,65.97000122070312,66.5999984741211,65.86000061035156,66.55999755859375,21808
2026-02-20 11:00:00,66.08000183105469,66.38999938964844,65.80999755859375,65.9800033569336,18898
2026-02-20 12:30:00,66.26000213623047,66.29000091552734,65.94999694824219,66.08999633789062,18151
2026-02-20 14:00:00,66.19999694824219,66.66000366210938,65.87999725341797,66.2699966430664,57374
2026-02-20 15:30:00,66.19000244140625,66.3499984741211,65.83000183105469,66.19999694824219,50177
2026-02-20 17:00:00,66.31999969482422,66.7300033569336,66.1500015258789,66.19000244140625,40946
2026-02-20 18:30:00,66.45999908447266,66.6500015258789,66.27999877929688,66.33000183105469,61588
2026-02-20 20:00:00,66.3499984741211,66.5,66.23999786376953,66.45999908447266,8895
2026-02-20 21:30:00,66.4800033569336,66.4800033569336,66.26000213623047,66.36000061035156,4031
2026-02-22 23:00:00,65.86000061035156,66.11000061035156,65.79000091552734,65.79000091552734,5066
2026-02-23 00:30:00,65.9000015258789,65.9800033569336,65.5999984741211,65.86000061035156,5937
2026-02-23 02:00:00,65.80000305175781,66.04000091552734,65.7699966430664,65.91000366210938,3263
2026-02-23 03:30:00,65.58000183105469,65.80999755859375,65.5199966430664,65.80000305175781,5916
2026-02-23 05:00:00,65.77999877929688,65.80999755859375,65.55000305175781,65.58999633789062,2715
2026-02-23 06:30:00,65.66000366210938,65.83000183105469,65.5199966430664,65.77999877929688,5620
2026-02-23 08:00:00,66.04000091552734,66.19999694824219,65.55999755859375,65.6500015258789,13331
2026-02-23 09:30:00,66.08999633789062,66.30000305175781,66.0,66.05000305175781,9146
2026-02-23 11:00:00,66.63999938964844,66.66999816894531,66.01000213623047,66.08999633789062,10753
2026-02-23 12:30:00,66.91000366210938,66.94000244140625,66.54000091552734,66.6500015258789,16855
2026-02-23 14:00:00,67.23999786376953,67.27999877929688,66.7300033569336,66.91000366210938,41581
2026-02-23 15:30:00,66.37999725341797,67.27999877929688,66.27999877929688,67.25,49373
2026-02-23 17:00:00,66.19000244140625,66.45999908447266,66.12000274658203,66.4000015258789,23128
2026-02-23 18:30:00,66.33000183105469,66.38999938964844,66.0999984741211,66.19999694824219,36492
2026-02-23 20:00:00,66.38999938964844,66.5,66.33000183105469,66.33000183105469,7482
2026-02-23 21:30:00,66.29000091552734,66.41999816894531,66.26000213623047,66.37999725341797,1257
2026-02-23 23:00:00,66.23999786376953,66.33999633789062,66.16999816894531,66.30999755859375,1118
2026-02-24 00:30:00,66.44999694824219,66.47000122070312,66.06999969482422,66.23999786376953,6194
2026-02-24 02:00:00,66.91999816894531,66.94000244140625,66.41000366210938,66.44999694824219,7254
2026-02-24 03:30:00,66.81999969482422,66.93000030517578,66.77999877929688,66.91999816894531,2589
2026-02-24 05:00:00,66.70999908447266,66.95999908447266,66.61000061035156,66.79000091552734,4226
2026-02-24 06:30:00,66.55999755859375,66.80000305175781,66.47000122070312,66.69999694824219,4690
2026-02-24 08:00:00,66.41999816894531,66.61000061035156,66.27999877929688,66.55999755859375,11838
2026-02-24 09:30:00,66.27999877929688,66.61000061035156,66.19000244140625,66.4000015258789,13520
2026-02-24 11:00:00,66.45999908447266,66.5,66.1500015258789,66.26000213623047,8871
2026-02-24 12:30:00,66.87000274658203,67.1500015258789,66.41000366210938,66.45999908447266,22980
2026-02-24 14:00:00,65.9000015258789,66.87999725341797,65.73999786376953,66.87000274658203,61528
2026-02-24 15:30:00,65.98999786376953,66.22000122070312,65.63999938964844,65.88999938964844,50866
2026-02-24 17:00:00,65.9000015258789,66.31999969482422,65.68000030517578,65.98999786376953,31528
2026-02-24 18:30:00,65.9000015258789,66.04000091552734,65.55000305175781,65.9000015258789,39342
2026-02-24 20:00:00,66.27999877929688,66.47000122070312,65.80000305175781,65.9000015258789,22220
2026-02-24 21:30:00,66.08000183105469,66.27999877929688,65.97000122070312,66.2699966430664,4890
2026-02-24 23:00:00,66.11000061035156,66.12000274658203,65.94000244140625,66.06999969482422,2595
2026-02-25 00:30:00,66.05000305175781,66.30000305175781,65.94999694824219,66.12000274658203,6406
2026-02-25 02:00:00,66.26000213623047,66.33999633789062,66.05999755859375,66.05999755859375,4660
2026-02-25 03:30:00,66.02999877929688,66.5999984741211,65.97000122070312,66.26000213623047,8936
2026-02-25 05:00:00,65.80000305175781,66.11000061035156,65.76000213623047,66.0199966430664,3853
2026-02-25 06:30:00,65.9000015258789,66.18000030517578,65.79000091552734,65.80000305175781,4868
2026-02-25 08:00:00,65.9800033569336,66.12999725341797,65.73999786376953,65.88999938964844,12149
2026-02-25 09:30:00,65.91000366210938,66.02999877929688,65.44999694824219,65.95999908447266,18536
2026-02-25 11:00:00,66.12999725341797,66.13999938964844,65.7300033569336,65.91000366210938,13755
2026-02-25 12:30:00,65.91000366210938,66.30999755859375,65.86000061035156,66.13999938964844,24373
2026-02-25 14:00:00,65.5199966430664,66.0199966430664,65.29000091552734,65.91000366210938,45479
2026-02-25 15:30:00,65.45999908447266,65.55999755859375,65.12000274658203,65.52999877929688,60437
2026-02-25 17:00:00,65.7300033569336,65.79000091552734,65.33999633789062,65.45999908447266,24692
2026-02-25 18:30:00,65.72000122070312,65.7699966430664,65.3499984741211,65.7300033569336,40058
2026-02-25 20:00:00,65.5,65.7300033569336,65.41999816894531,65.72000122070312,7390
2026-02-25 21:30:00,65.56999969482422,65.62000274658203,65.4800033569336,65.5,2259
2026-02-25 23:00:00,65.80000305175781,65.8499984741211,65.52999877929688,65.6500015258789,2030
2026-02-26 00:30:00,65.62000274658203,65.81999969482422,65.54000091552734,65.79000091552734,4019
2026-02-26 02:00:00,65.55999755859375,65.66999816894531,65.33000183105469,65.62000274658203,5042
2026-02-26 03:30:00,65.58000183105469,65.62000274658203,65.4800033569336,65.55000305175781,1117
2026-02-26 05:00:00,65.47000122070312,65.66999816894531,65.44000244140625,65.56999969482422,2853
2026-02-26 06:30:00,65.47000122070312,65.61000061035156,65.36000061035156,65.47000122070312,3966
2026-02-26 08:00:00,64.9800033569336,65.66000366210938,64.8499984741211,65.4800033569336,19042
2026-02-26 09:30:00,64.37000274658203,65.13999938964844,64.20999908447266,64.9800033569336,32558
2026-02-26 11:00:00,64.0999984741211,64.6500015258789,63.810001373291016,64.36000061035156,18403
2026-02-26 12:30:00,64.37999725341797,64.48999786376953,63.59999847412109,64.08999633789062,38758
2026-02-26 14:00:00,65.63999938964844,65.66999816894531,64.05999755859375,64.37000274658203,79111
2026-02-26 15:30:00,66.41999816894531,66.70999908447266,65.56999969482422,65.6500015258789,106596
2026-02-26 17:00:00,66.23999786376953,66.66999816894531,66.11000061035156,66.43000030517578,52608
2026-02-26 18:30:00,65.33999633789062,66.45999908447266,64.91000366210938,66.2300033569336,94687
2026-02-26 20:00:00,65.48999786376953,65.63999938964844,65.2300033569336,65.33000183105469,9946
2026-02-26 21:30:00,65.47000122070312,65.56999969482422,65.4000015258789,65.4800033569336,2946
2026-02-26 23:00:00,65.27999877929688,65.44000244140625,65.13999938964844,65.3499984741211,2357
2026-02-27 00:30:00,65.0999984741211,65.30000305175781,64.8499984741211,65.27999877929688,5062
2026-02-27 02:00:00,65.20999908447266,65.2300033569336,64.95999908447266,65.11000061035156,3317
2026-02-27 03:30:00,65.30999755859375,65.43000030517578,65.16999816894531,65.19999694824219,2778
2026-02-27 05:00:00,65.68000030517578,65.72000122070312,65.33000183105469,65.33999633789062,4876
2026-02-27 06:30:00,65.76000213623047,65.81999969482422,65.63999938964844,65.68000030517578,6225
2026-02-27 08:00:00,65.9800033569336,66.16000366210938,65.55000305175781,65.76000213623047,18274
2026-02-27 09:30:00,66.55999755859375,66.62000274658203,65.94000244140625,65.9800033569336,24140
2026-02-27 11:00:00,66.80000305175781,66.94999694824219,66.47000122070312,66.55000305175781,22850
2026-02-27 12:30:00,67.75,67.80999755859375,66.80999755859375,66.83000183105469,52359
2026-02-27 14:00:00,66.91999816894531,67.83000183105469,66.77999877929688,67.75,73340
2026-02-27 15:30:00,66.54000091552734,67.02999877929688,66.41999816894531,66.93000030517578,59045
2026-02-27 17:00:00,66.91000366210938,66.94999694824219,66.12999725341797,66.54000091552734,56479
2026-02-27 18:30:00,67.05000305175781,67.23999786376953,66.80999755859375,66.9000015258789,50175
2026-02-27 20:00:00,67.33999633789062,67.41000366210938,66.95999908447266,67.06999969482422,20094
2026-02-27 21:30:00,67.29000091552734,67.41999816894531,67.16999816894531,67.36000061035156,4423
2026-03-01 23:00:00,71.72000122070312,73.0,71.04000091552734,71.86000061035156,68966
2026-03-02 00:30:00,69.7300033569336,72.11000061035156,69.19999694824219,71.72000122070312,59878
2026-03-02 02:00:00,70.37999725341797,70.48999786376953,69.44000244140625,69.72000122070312,23663
2026-03-02 03:30:00,71.30999755859375,71.3499984741211,70.37000274658203,70.4000015258789,17119
2026-03-02 05:00:00,71.87999725341797,72.04000091552734,70.91999816894531,71.19000244140625,19397
2026-03-02 06:30:00,73.23999786376953,73.33000183105469,71.61000061035156,71.86000061035156,54564
2026-03-02 08:00:00,71.88999938964844,73.37000274658203,71.80000305175781,73.2300033569336,56098
2026-03-02 09:30:00,72.01000213623047,72.4800033569336,71.27999877929688,71.9000015258789,38843
2026-03-02 11:00:00,72.7699966430664,72.8499984741211,71.12000274658203,72.0199966430664,36225
2026-03-02 12:30:00,72.29000091552734,72.91999816894531,71.72000122070312,72.7699966430664,52312
2026-03-02 14:00:00,71.66999816894531,72.44000244140625,70.76000213623047,72.29000091552734,90553
2026-03-02 15:30:00,70.87999725341797,71.80999755859375,70.08999633789062,71.66000366210938,87208
2026-03-02 17:00:00,70.88999938964844,70.97000122070312,70.16000366210938,70.87999725341797,44099
2026-03-02 18:30:00,70.9000015258789,71.33000183105469,70.80000305175781,70.9000015258789,61361
2026-03-02 20:00:00,71.51000213623047,72.77999877929688,70.9000015258789,70.9000015258789,71457
2026-03-02 21:30:00,71.02999877929688,71.54000091552734,70.9800033569336,71.51000213623047,11616
2026-03-02 23:00:00,71.27999877929688,71.5199966430664,70.41000366210938,71.2300033569336,9403
2026-03-03 00:30:00,71.75,72.13999938964844,71.18000030517578,71.27999877929688,16780
2026-03-03 02:00:00,72.54000091552734,72.70999908447266,71.54000091552734,71.76000213623047,14762
2026-03-03 03:30:00,72.66999816894531,72.79000091552734,72.2699966430664,72.55000305175781,6724
2026-03-03 05:00:00,72.68000030517578,73.37999725341797,72.33000183105469,72.68000030517578,17141
2026-03-03 06:30:00,73.83999633789062,74.11000061035156,72.66999816894531,72.69000244140625,28120
2026-03-03 08:00:00,74.83000183105469,75.29000091552734,73.4800033569336,73.86000061035156,51579
2026-03-03 09:30:00,76.45999908447266,77.2699966430664,74.80000305175781,74.81999969482422,73795
2026-03-03 11:00:00,76.04000091552734,77.58000183105469,75.69000244140625,76.4800033569336,109947
2026-03-03 12:30:00,76.20999908447266,76.86000061035156,75.3499984741211,76.02999877929688,117444
2026-03-03 14:00:00,77.51000213623047,77.9800033569336,76.19000244140625,76.20999908447266,147253
2026-03-03 15:30:00,75.95999908447266,77.58000183105469,74.54000091552734,77.51000213623047,134620
2026-03-03 17:00:00,75.2699966430664,76.43000030517578,74.9000015258789,75.97000122070312,69271
2026-03-03 18:30:00,73.5999984741211,75.31999969482422,71.6500015258789,75.25,142813
2026-03-03 20:00:00,74.5999984741211,74.81999969482422,73.05999755859375,73.58000183105469,33752
2026-03-03 21:30:00,74.80000305175781,75.12999725341797,74.5199966430664,74.58000183105469,7706
2026-03-03 23:00:00,74.55000305175781,75.69999694824219,74.44000244140625,74.73999786376953,9507
2026-03-04 00:30:00,74.95999908447266,75.69000244140625,74.37000274658203,74.55000305175781,21849
2026-03-04 02:00:00,74.81999969482422,75.52999877929688,74.66999816894531,74.94000244140625,12741
2026-03-04 03:30:00,75.44999694824219,75.58999633789062,74.80999755859375,74.80999755859375,6779
2026-03-04 05:00:00,76.41000366210938,76.51000213623047,75.26000213623047,75.4800033569336,14588
2026-03-04 06:30:00,76.45999908447266,76.9800033569336,76.08000183105469,76.4000015258789,18790
2026-03-04 08:00:00,76.16000366210938,77.2300033569336,75.9000015258789,76.44000244140625,36273
2026-03-04 09:30:00,75.22000122070312,76.83999633789062,74.8499984741211,76.18000030517578,58650
2026-03-04 11:00:00,74.6500015258789,75.5999984741211,74.2300033569336,75.2300033569336,42241
2026-03-04 12:30:00,73.91000366210938,75.06999969482422,73.27999877929688,74.66000366210938,69389
2026-03-04 14:00:00,74.05000305175781,75.1500015258789,73.66999816894531,73.91999816894531,88977
2026-03-04 15:30:00,74.16000366210938,74.79000091552734,73.6500015258789,74.05999755859375,61909
2026-03-04 17:00:00,74.87999725341797,75.19999694824219,74.05000305175781,74.16000366210938,55440
2026-03-04 18:30:00,74.5199966430664,75.23999786376953,74.38999938964844,74.87000274658203,51740
2026-03-04 20:00:00,75.98999786376953,76.2300033569336,74.51000213623047,74.5199966430664,30302
2026-03-04 21:30:00,76.11000061035156,76.18000030517578,75.76000213623047,76.01000213623047,7533
2026-03-04 23:00:00,75.7699966430664,76.19000244140625,75.55999755859375,76.1500015258789,4996
2026-03-05 00:30:00,76.91000366210938,76.95999908447266,75.62999725341797,75.7699966430664,17197
2026-03-05 02:00:00,77.16999816894531,77.41999816894531,76.73999786376953,76.9000015258789,14347
2026-03-05 03:30:00,77.30999755859375,77.6500015258789,77.02999877929688,77.16000366210938,8987
2026-03-05 05:00:00,77.47000122070312,78.08999633789062,77.25,77.37999725341797,15855
2026-03-05 06:30:00,77.16000366210938,77.73999786376953,76.05999755859375,77.45999908447266,30642
2026-03-05 08:00:00,75.70999908447266,77.66000366210938,74.97000122070312,77.16999816894531,55177
2026-03-05 09:30:00,76.5199966430664,76.69999694824219,75.58000183105469,75.72000122070312,25616
2026-03-05 11:00:00,76.95999908447266,77.33000183105469,76.33999633789062,76.51000213623047,30020
2026-03-05 12:30:00,77.13999938964844,77.48999786376953,76.56999969482422,76.95999908447266,38834
2026-03-05 14:00:00,78.73999786376953,78.80000305175781,76.83999633789062,77.16000366210938,86984
2026-03-05 15:30:00,79.2300033569336,79.97000122070312,78.30000305175781,78.73999786376953,86501
2026-03-05 17:00:00,80.81999969482422,81.0,78.7699966430664,79.20999908447266,72387
2026-03-05 18:30:00,81.61000061035156,81.72000122070312,80.44000244140625,80.81999969482422,96473
2026-03-05 20:00:00,78.98999786376953,82.16000366210938,78.87999725341797,81.62000274658203,73460
2026-03-05 21:30:00,78.87000274658203,79.2300033569336,78.62000274658203,79.01000213623047,7669
2026-03-05 23:00:00,79.23999786376953,79.91000366210938,78.9800033569336,79.08000183105469,7888
2026-03-06 00:30:00,79.80000305175781,79.86000061035156,78.23999786376953,79.25,20887
2026-03-06 02:00:00,79.9800033569336,80.16000366210938,79.1500015258789,79.80999755859375,11931
2026-03-06 03:30:00,80.05000305175781,80.16999816894531,79.79000091552734,79.9800033569336,8135
2026-03-06 05:00:00,80.69000244140625,80.7699966430664,79.69000244140625,80.01000213623047,13717
2026-03-06 06:30:00,81.08999633789062,81.12999725341797,80.27999877929688,80.69000244140625,18745
2026-03-06 08:00:00,82.87999725341797,82.93000030517578,80.83999633789062,81.08000183105469,43052
2026-03-06 09:30:00,84.01000213623047,84.9000015258789,82.7300033569336,82.87999725341797,84982
2026-03-06 11:00:00,85.94999694824219,86.5999984741211,83.94000244140625,84.0199966430664,79898
2026-03-06 12:30:00,87.36000061035156,87.79000091552734,84.87000274658203,85.94999694824219,100031
2026-03-06 14:00:00,89.02999877929688,89.62000274658203,87.02999877929688,87.3499984741211,146464
2026-03-06 15:30:00,90.3000030517578,90.37000274658205,88.20999908447266,89.01000213623047,119536
2026-03-06 17:00:00,90.68000030517578,92.61000061035156,89.54000091552734,90.3000030517578,143123
2026-03-06 18:30:00,91.3499984741211,91.77999877929688,90.19000244140624,90.66999816894533,113985
2026-03-06 20:00:00,91.02999877929688,91.52999877929688,90.30999755859376,91.33000183105467,33310
2026-03-06 21:30:00,90.9000015258789,91.4499969482422,90.5999984741211,91.02999877929688,7550
2026-03-08 21:30:00,106.94000244140624,110.88999938964844,105.37999725341795,109.97000122070312,53006
2026-03-08 23:00:00,107.7300033569336,108.52999877929688,105.0500030517578,106.88999938964844,50271
2026-03-09 00:30:00,115.06999969482422,115.66999816894533,107.63999938964844,107.69000244140624,60136
2026-03-09 02:00:00,114.41999816894533,119.4800033569336,111.18000030517578,115.08000183105467,81535
2026-03-09 03:30:00,115.72000122070312,116.5,113.6500015258789,114.44000244140624,10652
2026-03-09 04:00:00,107.0500030517578,116.7699966430664,106.5,115.62999725341795,39732
2026-03-09 05:30:00,104.5199966430664,109.13999938964844,100.0199966430664,107.0500030517578,81277
2026-03-09 07:00:00,104.9000015258789,104.95999908447266,100.3499984741211,104.45999908447266,43283
2026-03-09 08:30:00,101.08000183105467,104.91999816894533,96.25,104.91999816894533,43906
2026-03-09 10:00:00,103.33999633789062,103.97000122070312,100.62000274658205,101.08999633789062,29468
2026-03-09 11:30:00,102.2300033569336,103.6999969482422,100.12000274658205,103.33999633789062,41339
2026-03-09 13:00:00,101.47000122070312,104.56999969482422,97.19000244140624,102.20999908447266,117910
2026-03-09 14:30:00,95.61000061035156,101.81999969482422,94.6500015258789,101.47000122070312,96739
2026-03-09 16:00:00,94.87000274658205,97.37999725341795,93.06999969482422,95.58000183105467,90678
2026-03-09 17:30:00,95.29000091552734,95.54000091552734,91.62999725341795,94.83999633789062,87768
2026-03-09 19:00:00,85.26000213623047,95.58000183105467,81.19000244140625,95.27999877929688,101851
2026-03-09 20:30:00,85.08000183105469,85.69999694824219,82.6500015258789,85.29000091552734,14542
2026-03-09 22:00:00,89.0199966430664,90.0,85.0199966430664,85.75,26119
2026-03-09 23:30:00,86.7699966430664,90.2300033569336,85.16000366210938,89.05000305175781,29753
2026-03-10 01:00:00,85.4800033569336,87.01000213623047,84.43000030517578,86.77999877929688,25072
2026-03-10 02:30:00,90.01000213623047,91.4800033569336,85.41000366210938,85.45999908447266,26730
2026-03-10 04:00:00,88.79000091552734,91.08000183105467,87.69999694824219,89.91000366210938,16838
2026-03-10 05:30:00,89.80000305175781,90.05000305175781,87.43000030517578,88.86000061035156,17528
2026-03-10 07:00:00,87.12000274658203,90.05000305175781,85.26000213623047,89.77999877929688,35418
2026-03-10 08:30:00,86.94000244140625,88.75,85.91999816894531,87.12000274658203,28529
2026-03-10 10:00:00,88.0999984741211,90.16999816894533,86.4000015258789,86.94000244140625,36257
2026-03-10 11:30:00,89.54000091552734,91.0999984741211,87.94000244140625,88.08999633789062,41845
2026-03-10 13:00:00,86.41000366210938,89.52999877929688,86.23999786376953,89.52999877929688,67304
2026-03-10 14:30:00,84.33999633789062,86.4800033569336,82.80999755859375,86.43000030517578,101609
2026-03-10 16:00:00,78.51000213623047,85.80000305175781,76.7300033569336,84.30999755859375,117236
2026-03-10 17:30:00,84.11000061035156,86.68000030517578,78.45999908447266,78.5,148855
2026-03-10 19:00:00,86.7300033569336,87.80000305175781,83.91999816894531,84.11000061035156,44270
2026-03-10 20:30:00,86.38999938964844,87.23999786376953,86.3499984741211,86.69000244140625,5886
2026-03-10 22:00:00,85.8499984741211,88.58999633789062,85.55999755859375,86.88999938964844,12303
2026-03-10 23:30:00,82.97000122070312,86.23999786376953,81.79000091552734,85.79000091552734,29536
2026-03-11 01:00:00,84.08000183105469,84.51000213623047,82.45999908447266,82.97000122070312,18129
2026-03-11 02:30:00,82.8499984741211,85.08999633789062,82.62999725341797,84.12000274658203,13152
2026-03-11 04:00:00,83.2699966430664,83.7699966430664,82.37000274658203,82.87999725341797,9659
2026-03-11 05:30:00,83.56999969482422,84.55999755859375,83.12000274658203,83.2699966430664,11634
2026-03-11 07:00:00,85.80999755859375,85.98999786376953,83.33999633789062,83.56999969482422,26822
2026-03-11 08:30:00,88.76000213623047,88.98999786376953,84.91999816894531,85.81999969482422,39912
2026-03-11 10:00:00,85.9800033569336,88.75,84.66999816894531,88.75,37547
2026-03-11 11:30:00,87.20999908447266,88.08000183105469,85.83000183105469,85.9800033569336,39112
2026-03-11 13:00:00,86.69999694824219,87.30999755859375,82.0,87.20999908447266,84345
2026-03-11 14:30:00,87.5999984741211,87.66999816894531,85.75,86.73999786376953,47357
2026-03-11 16:00:00,86.7300033569336,88.62999725341797,86.18000030517578,87.62999725341797,44139
2026-03-11 17:30:00,87.25,88.44999694824219,86.62999725341797,86.72000122070312,74556
2026-03-11 19:00:00,88.19999694824219,88.58000183105469,86.94999694824219,87.26000213623047,14104
2026-03-11 20:30:00,88.41000366210938,88.62000274658203,87.93000030517578,88.16000366210938,3383
2026-03-11 22:00:00,92.62000274658205,93.01000213623048,88.61000061035156,89.31999969482422,28768
2026-03-11 23:30:00,93.12999725341795,94.37999725341795,91.8499984741211,92.58999633789062,29045
2026-03-12 01:00:00,93.62999725341795,93.83999633789062,91.6999969482422,93.12000274658205,17510
2026-03-12 02:30:00,94.48999786376952,95.97000122070312,93.6500015258789,93.6500015258789,24116
2026-03-12 04:00:00,94.20999908447266,95.2300033569336,92.3499984741211,94.44000244140624,17046
2026-03-12 05:30:00,92.55999755859376,94.5500030517578,91.31999969482422,94.23999786376952,20373
2026-03-12 07:00:00,92.0500030517578,92.52999877929688,89.87999725341797,92.52999877929688,27989
2026-03-12 08:30:00,91.23999786376952,92.87999725341795,91.0500030517578,92.0500030517578,21904
2026-03-12 10:00:00,91.72000122070312,92.41000366210938,90.66999816894533,91.22000122070312,22378
2026-03-12 11:30:00,92.9000015258789,93.58999633789062,91.2699966430664,91.72000122070312,26526
2026-03-12 13:00:00,96.01000213623048,96.12999725341795,92.56999969482422,92.87999725341795,67792
2026-03-12 14:30:00,94.55999755859376,97.19000244140624,94.2300033569336,96.0,85926
2026-03-12 16:00:00,95.12000274658205,95.8000030517578,93.02999877929688,94.54000091552734,54088
2026-03-12 17:30:00,96.54000091552734,96.72000122070312,93.91999816894533,95.12000274658205,55301
2026-03-12 19:00:00,96.30999755859376,96.95999908447266,95.41999816894533,96.55999755859376,21787
2026-03-12 20:30:00,96.38999938964844,96.66000366210938,96.13999938964844,96.27999877929688,2490
2026-03-12 22:00:00,96.87000274658205,98.08999633789062,95.69000244140624,96.73999786376952,12311
2026-03-12 23:30:00,95.56999969482422,97.08999633789062,94.83000183105467,96.87000274658205,12390
2026-03-13 01:00:00,95.80999755859376,96.22000122070312,94.66000366210938,95.56999969482422,11993
2026-03-13 02:30:00,95.5,96.61000061035156,95.19000244140624,95.81999969482422,8550
2026-03-13 04:00:00,95.25,95.87000274658205,95.0999984741211,95.54000091552734,5092
2026-03-13 05:30:00,96.1999969482422,96.33000183105467,94.5199966430664,95.27999877929688,11309
2026-03-13 07:00:00,97.12999725341795,97.83999633789062,96.04000091552734,96.22000122070312,21589
2026-03-13 08:30:00,95.77999877929688,97.16000366210938,94.9800033569336,97.11000061035156,22945
2026-03-13 10:00:00,94.43000030517578,95.94000244140624,93.12000274658205,95.76000213623048,31229
2026-03-13 11:30:00,93.56999969482422,94.58999633789062,92.04000091552734,94.43000030517578,36429
2026-03-13 13:00:00,94.56999969482422,94.87000274658205,92.9000015258789,93.58999633789062,51703
2026-03-13 14:30:00,96.38999938964844,96.83000183105467,94.0199966430664,94.5500030517578,52910
2026-03-13 16:00:00,96.70999908447266,97.5500030517578,96.22000122070312,96.4000015258789,43451
2026-03-13 17:30:00,97.4499969482422,99.31999969482422,96.70999908447266,96.70999908447266,62465
2026-03-13 19:00:00,98.6500015258789,98.9800033569336,97.23999786376952,97.4800033569336,17185
2026-03-13 20:30:00,99.30999755859376,99.30999755859376,98.30999755859376,98.66999816894533,3705
2026-03-15 22:00:00,99.79000091552734,101.76000213623048,99.33999633789062,101.58000183105467,29196
2026-03-15 23:30:00,97.4800033569336,100.44000244140624,97.33999633789062,99.77999877929688,18387
2026-03-16 01:00:00,98.91999816894533,99.05999755859376,96.73999786376952,97.47000122070312,14588
2026-03-16 02:30:00,99.2300033569336,99.37999725341795,98.5500030517578,98.93000030517578,9928
2026-03-16 04:00:00,99.55999755859376,99.79000091552734,99.22000122070312,99.2699966430664,3994
2026-03-16 05:30:00,98.91000366210938,99.73999786376952,98.12000274658205,99.58000183105467,9517
2026-03-16 07:00:00,100.22000122070312,101.02999877929688,98.58999633789062,98.91999816894533,21819
2026-03-16 08:30:00,99.1500015258789,100.7699966430664,98.61000061035156,100.20999908447266,18793
2026-03-16 10:00:00,97.61000061035156,99.3000030517578,96.66000366210938,99.11000061035156,28711
2026-03-16 11:30:00,95.26000213623048,97.61000061035156,94.55999755859376,97.58999633789062,46220
2026-03-16 13:00:00,94.27999877929688,95.69000244140624,92.97000122070312,95.27999877929688,65813
2026-03-16 14:30:00,95.45999908447266,95.73999786376952,94.26000213623048,94.29000091552734,42921
2026-03-16 16:00:00,93.9800033569336,96.58000183105467,93.72000122070312,95.4800033569336,46084
2026-03-16 17:30:00,93.4800033569336,94.62000274658205,92.97000122070312,93.98999786376952,45425
2026-03-16 19:00:00,93.87000274658205,94.76000213623048,92.93000030517578,93.48999786376952,20876
2026-03-16 20:30:00,94.22000122070312,94.41000366210938,93.52999877929688,93.86000061035156,4581
2026-03-16 22:00:00,95.05999755859376,95.31999969482422,93.87999725341795,94.41000366210938,5774
2026-03-16 23:30:00,95.9000015258789,96.36000061035156,94.47000122070312,95.0500030517578,8265
2026-03-17 01:00:00,95.97000122070312,96.19000244140624,95.18000030517578,95.9499969482422,11474
2026-03-17 02:30:00,96.0199966430664,96.3000030517578,95.56999969482422,95.97000122070312,5638
2026-03-17 04:00:00,95.4000015258789,96.29000091552734,95.3499984741211,96.02999877929688,3460
2026-03-17 05:30:00,97.5500030517578,98.41999816894533,95.27999877929688,95.4000015258789,14872
2026-03-17 07:00:00,96.75,97.75,95.70999908447266,97.5199966430664,43861
2026-03-17 08:30:00,95.23999786376952,97.0,94.9800033569336,96.73999786376952,21434
2026-03-17 10:00:00,95.87000274658205,96.23999786376952,95.22000122070312,95.22000122070312,16739
2026-03-17 11:30:00,94.58000183105467,96.37000274658205,94.56999969482422,95.87000274658205,32983
2026-03-17 13:00:00,94.2300033569336,94.83000183105467,93.18000030517578,94.5999984741211,55931
2026-03-17 14:30:00,94.88999938964844,95.22000122070312,93.19000244140624,94.20999908447266,51080
2026-03-17 16:00:00,95.01000213623048,95.37000274658205,93.5999984741211,94.87999725341795,41519
2026-03-17 17:30:00,95.2699966430664,95.6500015258789,94.33000183105467,95.0199966430664,41001
2026-03-17 19:00:00,95.23999786376952,95.62000274658205,95.0,95.27999877929688,14680
2026-03-17 20:30:00,95.3000030517578,95.48999786376952,95.16000366210938,95.23999786376952,3164
2026-03-17 22:00:00,95.56999969482422,95.6500015258789,94.25,95.2699966430664,7200
2026-03-17 23:30:00,94.13999938964844,95.6500015258789,93.94000244140624,95.5500030517578,11248
2026-03-18 01:00:00,94.02999877929688,94.5,93.75,94.13999938964844,8865
2026-03-18 02:30:00,92.56999969482422,94.0,92.41000366210938,94.0,13008
2026-03-18 04:00:00,92.33999633789062,92.93000030517578,92.0999984741211,92.5199966430664,12969
2026-03-18 05:30:00,92.7699966430664,92.88999938964844,91.4499969482422,92.3499984741211,20117
2026-03-18 07:00:00,93.81999969482422,93.87999725341795,92.61000061035156,92.7699966430664,19122
2026-03-18 08:30:00,94.29000091552734,94.48999786376952,93.69000244140624,93.83000183105467,23758
2026-03-18 10:00:00,95.36000061035156,95.5199966430664,93.9000015258789,94.30999755859376,25906
2026-03-18 11:30:00,97.16999816894533,97.33000183105467,94.01000213623048,95.4000015258789,82259
2026-03-18 13:00:00,98.0999984741211,98.43000030517578,96.79000091552734,97.1500015258789,87761
2026-03-18 14:30:00,97.18000030517578,98.66999816894533,96.91999816894533,98.06999969482422,80322
2026-03-18 16:00:00,97.12999725341795,97.5,96.52999877929688,97.18000030517578,55609
2026-03-18 17:30:00,96.29000091552734,97.36000061035156,94.20999908447266,97.12999725341795,97146
2026-03-18 19:00:00,99.06999969482422,99.16000366210938,95.87000274658205,96.3000030517578,35091
2026-03-18 20:30:00,99.0500030517578,99.77999877929688,98.83000183105467,99.08999633789062,10659
2026-03-18 22:00:00,98.13999938964844,98.69000244140624,97.5999984741211,98.05999755859376,7921
2026-03-18 23:30:00,98.36000061035156,99.16999816894533,97.33000183105467,98.16999816894533,20271
2026-03-19 01:00:00,96.61000061035156,98.66000366210938,96.12000274658205,98.36000061035156,24261
2026-03-19 02:30:00,96.37000274658205,96.68000030517578,95.75,96.62000274658205,17921
2026-03-19 04:00:00,96.2699966430664,96.83999633789062,95.95999908447266,96.4800033569336,7606
2026-03-19 05:30:00,96.33000183105467,97.2699966430664,96.04000091552734,96.29000091552734,16918
2026-03-19 07:00:00,96.4000015258789,96.98999786376952,95.31999969482422,96.33999633789062,31758
2026-03-19 08:30:00,95.16000366210938,98.95999908447266,94.41000366210938,96.41999816894533,68317
2026-03-19 10:00:00,96.66000366210938,97.02999877929688,94.86000061035156,95.16000366210938,35299
2026-03-19 11:30:00,96.29000091552734,97.73999786376952,95.2699966430664,96.66000366210938,41650
2026-03-19 13:00:00,96.97000122070312,97.25,95.36000061035156,96.29000091552734,80860
2026-03-19 14:30:00,98.08000183105467,100.4800033569336,95.69000244140624,96.9800033569336,117020
2026-03-19 16:00:00,95.4000015258789,98.66999816894533,95.33999633789062,98.0500030517578,69378
2026-03-19 17:30:00,94.9800033569336,96.4000015258789,94.16000366210938,95.4000015258789,91194
2026-03-19 19:00:00,94.31999969482422,95.3000030517578,92.0999984741211,94.97000122070312,57204
2026-03-19 20:30:00,94.58999633789062,94.7699966430664,93.97000122070312,94.33999633789062,4978
2026-03-19 22:00:00,93.93000030517578,94.8000030517578,93.62000274658205,94.45999908447266,3694
2026-03-19 23:30:00,94.1999969482422,94.4499969482422,93.4000015258789,93.91999816894533,7779
2026-03-20 01:00:00,93.23999786376952,94.3499984741211,92.47000122070312,94.16999816894533,17609
2026-03-20 02:30:00,93.81999969482422,94.16000366210938,93.1500015258789,93.2699966430664,7779
2026-03-20 04:00:00,93.87000274658205,94.06999969482422,93.41000366210938,93.8499984741211,4684
2026-03-20 05:30:00,94.51000213623048,94.75,93.29000091552734,93.8499984741211,10067
2026-03-20 07:00:00,94.54000091552734,94.77999877929688,93.29000091552734,94.51000213623048,19367
2026-03-20 08:30:00,95.87999725341795,96.16000366210938,94.05999755859376,94.55999755859376,30083
2026-03-20 10:00:00,94.61000061035156,96.4499969482422,94.45999908447266,95.87999725341795,22464
2026-03-20 11:30:00,95.0,95.1999969482422,93.9000015258789,94.5999984741211,29314
2026-03-20 13:00:00,95.86000061035156,96.22000122070312,94.77999877929688,95.0,46327
2026-03-20 14:30:00,96.55999755859376,97.06999969482422,95.69000244140624,95.87000274658205,50609
2026-03-20 16:00:00,98.16000366210938,98.31999969482422,96.2300033569336,96.55999755859376,55934
2026-03-20 17:30:00,98.58999633789062,98.75,96.94000244140624,98.16000366210938,81047
2026-03-20 19:00:00,97.8499984741211,98.75,97.4000015258789,98.58999633789062,29242
2026-03-20 20:30:00,98.08999633789062,98.16000366210938,97.7300033569336,97.86000061035156,3234
